2007-03-30T00:00,0.93148
2007-04-01T00:00,0.93278
2007-04-02T00:00,0.94098
2007-04-03T00:00,0.94038
2007-04-04T00:00,0.94108
2007-04-05T00:00,0.94738
2007-04-06T00:00,0.94298
2007-04-08T00:00,0.93888
2007-04-09T00:00,0.94108
2007-04-10T00:00,0.94858
2007-04-11T00:00,0.94578
2007-04-12T00:00,0.94098
2007-04-13T00:00,0.94388
2007-04-15T00:00,0.94768
2007-04-16T00:00,0.94508
2007-04-17T00:00,0.94438
2007-04-18T00:00,0.94648
2007-04-19T00:00,0.93958
2007-04-20T00:00,0.94258
2007-04-22T00:00,0.93998
2007-04-23T00:00,0.93608
2007-04-24T00:00,0.92668
2007-04-25T00:00,0.93498
2007-04-26T00:00,0.92928
2007-04-27T00:00,0.92488
2007-04-29T00:00,0.92198
2007-04-30T00:00,0.92468
2007-05-01T00:00,0.91998
2007-05-02T00:00,0.91838
2007-05-03T00:00,0.91468
2007-05-04T00:00,0.90608
2007-05-06T00:00,0.91238
2007-05-07T00:00,0.91178
2007-05-08T00:00,0.91408
2007-05-09T00:00,0.91928
2007-05-10T00:00,0.92278
2007-05-11T00:00,0.92178
2007-05-13T00:00,0.92608
2007-05-14T00:00,0.92748
2007-05-15T00:00,0.91968
2007-05-16T00:00,0.91358
2007-05-17T00:00,0.91108
2007-05-18T00:00,0.90048
2007-05-20T00:00,0.89698
2007-05-21T00:00,0.89188
2007-05-22T00:00,0.89118
2007-05-23T00:00,0.89418
2007-05-24T00:00,0.89108
2007-05-25T00:00,0.88798
2007-05-27T00:00,0.88478
2007-05-28T00:00,0.88548
2007-05-29T00:00,0.88768
2007-05-30T00:00,0.87618
2007-05-31T00:00,0.88398
2007-06-01T00:00,0.88538
2007-06-03T00:00,0.88348
2007-06-04T00:00,0.87988
2007-06-05T00:00,0.88548
2007-06-06T00:00,0.89358
2007-06-07T00:00,0.89568
2007-06-08T00:00,0.89528
2007-06-10T00:00,0.89558
2007-06-11T00:00,0.89618
2007-06-12T00:00,0.89408
2007-06-13T00:00,0.89828
2007-06-14T00:00,0.89208
2007-06-15T00:00,0.89238
2007-06-17T00:00,0.89878
2007-06-18T00:00,0.90228
2007-06-19T00:00,0.90248
2007-06-20T00:00,0.90228
2007-06-21T00:00,0.90238
2007-06-22T00:00,0.91058
2007-06-24T00:00,0.90798
2007-06-25T00:00,0.90808
2007-06-26T00:00,0.90768
2007-06-27T00:00,0.90048
2007-06-28T00:00,0.89878
2007-06-29T00:00,0.89638
2007-07-01T00:00,0.90508
2007-07-02T00:00,0.90688
2007-07-03T00:00,0.90558
2007-07-04T00:00,0.90688
2007-07-05T00:00,0.90858
2007-07-06T00:00,0.90548
2007-07-08T00:00,0.89968
2007-07-09T00:00,0.90028
2007-07-10T00:00,0.90228
2007-07-11T00:00,0.91098
2007-07-12T00:00,0.90728
2007-07-13T00:00,0.90968
2007-07-15T00:00,0.91208
2007-07-16T00:00,0.91458
2007-07-17T00:00,0.91308
2007-07-18T00:00,0.91338
2007-07-19T00:00,0.91868
2007-07-20T00:00,0.91858
2007-07-22T00:00,0.92168
2007-07-23T00:00,0.92228
2007-07-24T00:00,0.92488
2007-07-25T00:00,0.91848
2007-07-26T00:00,0.92208
2007-07-27T00:00,0.91178
2007-07-29T00:00,0.90698
2007-07-30T00:00,0.90928
2007-07-31T00:00,0.91358
2007-08-01T00:00,0.90458
2007-08-02T00:00,0.90408
2007-08-03T00:00,0.90478
2007-08-05T00:00,0.90452
2007-08-06T00:00,0.90348
2007-08-07T00:00,0.90428
2007-08-08T00:00,0.90358
2007-08-09T00:00,0.90208
2007-08-10T00:00,0.89238
2007-08-12T00:00,0.89168
2007-08-13T00:00,0.89048
2007-08-14T00:00,0.88678
2007-08-15T00:00,0.88578
2007-08-16T00:00,0.86378
2007-08-17T00:00,0.83828
2007-08-19T00:00,0.84318
2007-08-20T00:00,0.85098
2007-08-21T00:00,0.84898
2007-08-22T00:00,0.85358
2007-08-23T00:00,0.86398
2007-08-24T00:00,0.86408
2007-08-26T00:00,0.87248
2007-08-27T00:00,0.87298
2007-08-28T00:00,0.86898
2007-08-29T00:00,0.86608
2007-08-30T00:00,0.86898
2007-08-31T00:00,0.86938
2007-09-02T00:00,0.86478
2007-09-03T00:00,0.86548
2007-09-04T00:00,0.87098
2007-09-05T00:00,0.86668
2007-09-06T00:00,0.87038
2007-09-07T00:00,0.86868
2007-09-09T00:00,0.86698
2007-09-10T00:00,0.86988
2007-09-11T00:00,0.86477
2007-09-12T00:00,0.87178
2007-09-13T00:00,0.87088
2007-09-14T00:00,0.86748
2007-09-16T00:00,0.86923
2007-09-17T00:00,0.86468
2007-09-18T00:00,0.85462
2007-09-19T00:00,0.86558
2007-09-20T00:00,0.87238
2007-09-21T00:00,0.86528
2007-09-23T00:00,0.86656
2007-09-24T00:00,0.86808
2007-09-25T00:00,0.86809
2007-09-26T00:00,0.87936
2007-09-27T00:00,0.88178
2007-09-28T00:00,0.88228
2007-09-30T00:00,0.88346
2007-10-01T00:00,0.88531
2007-10-02T00:00,0.88212
2007-10-03T00:00,0.88636
2007-10-04T00:00,0.88414
2007-10-05T00:00,0.88786
2007-10-07T00:00,0.88559
2007-10-08T00:00,0.88418
2007-10-09T00:00,0.88164
2007-10-10T00:00,0.88156
2007-10-11T00:00,0.88378
2007-10-12T00:00,0.88268
2007-10-14T00:00,0.88028
2007-10-15T00:00,0.88078
2007-10-16T00:00,0.87378
2007-10-17T00:00,0.87228
2007-10-18T00:00,0.86914
2007-10-19T00:00,0.86955
2007-10-21T00:00,0.85682
2007-10-22T00:00,0.86246
2007-10-23T00:00,0.86846
2007-10-24T00:00,0.86965
2007-10-25T00:00,0.87429
2007-10-26T00:00,0.87798
2007-10-28T00:00,0.88594
2007-10-29T00:00,0.88752
2007-10-30T00:00,0.87968
2007-10-31T00:00,0.88198
2007-11-01T00:00,0.87779
2007-11-02T00:00,0.87063
2007-11-04T00:00,0.86193
2007-11-05T00:00,0.85658
2007-11-06T00:00,0.85838
2007-11-07T00:00,0.85053
2007-11-08T00:00,0.85903
2007-11-09T00:00,0.85828
2007-11-11T00:00,0.85409
2007-11-12T00:00,0.84978
2007-11-13T00:00,0.85598
2007-11-14T00:00,0.86249
2007-11-15T00:00,0.86318
2007-11-16T00:00,0.87330
2007-11-18T00:00,0.87274
2007-11-19T00:00,0.86801
2007-11-20T00:00,0.86938
2007-11-21T00:00,0.86378
2007-11-22T00:00,0.85916
2007-11-23T00:00,0.86048
2007-11-25T00:00,0.86971
2007-11-26T00:00,0.86938
2007-11-27T00:00,0.87105
2007-11-28T00:00,0.87254
2007-11-29T00:00,0.87311
2007-11-30T00:00,0.88478
2007-12-02T00:00,0.88107
2007-12-03T00:00,0.88458
2007-12-04T00:00,0.87758
2007-12-05T00:00,0.88038
2007-12-06T00:00,0.88291
2007-12-07T00:00,0.88711
2007-12-09T00:00,0.88147
2007-12-10T00:00,0.88368
2007-12-11T00:00,0.89288
2007-12-12T00:00,0.89008
2007-12-13T00:00,0.89328
2007-12-14T00:00,0.88957
2007-12-16T00:00,0.87796
2007-12-17T00:00,0.87452
2007-12-18T00:00,0.86679
2007-12-19T00:00,0.86998
2007-12-20T00:00,0.86303
2007-12-21T00:00,0.86448
2007-12-23T00:00,0.86144
2007-12-24T00:00,0.86358
2007-12-27T00:00,0.85878
2007-12-28T00:00,0.85770
2007-12-30T00:00,0.86199
2007-12-31T00:00,0.86108
2008-01-03T00:00,0.87492
2008-01-04T00:00,0.87145
2008-01-06T00:00,0.87438
2008-01-07T00:00,0.87917
2008-01-08T00:00,0.88006
2008-01-09T00:00,0.88721
2008-01-10T00:00,0.89269
2008-01-11T00:00,0.90429
2008-01-13T00:00,0.91318
2008-01-14T00:00,0.91169
2008-01-15T00:00,0.91594
2008-01-16T00:00,0.90115
2008-01-17T00:00,0.90007
2008-01-18T00:00,0.90039
2008-01-20T00:00,0.90169
2008-01-21T00:00,0.89744
2008-01-22T00:00,0.88795
2008-01-23T00:00,0.89126
2008-01-24T00:00,0.88830
2008-01-25T00:00,0.89088
2008-01-27T00:00,0.88758
2008-01-28T00:00,0.89058
2008-01-29T00:00,0.89068
2008-01-30T00:00,0.88513
2008-01-31T00:00,0.88604
2008-02-01T00:00,0.89773
2008-02-03T00:00,0.89978
2008-02-04T00:00,0.90458
2008-02-05T00:00,0.90569
2008-02-06T00:00,0.89868
2008-02-07T00:00,0.89888
2008-02-08T00:00,0.90207
2008-02-10T00:00,0.90178
2008-02-11T00:00,0.90218
2008-02-12T00:00,0.90508
2008-02-13T00:00,0.90018
2008-02-14T00:00,0.90143
2008-02-15T00:00,0.90158
2008-02-17T00:00,0.91988
2008-02-18T00:00,0.91858
2008-02-19T00:00,0.92731
2008-02-20T00:00,0.92907
2008-02-21T00:00,0.92896
2008-02-22T00:00,0.93494
2008-02-24T00:00,0.93477
2008-02-25T00:00,0.93135
2008-02-26T00:00,0.92426
2008-02-27T00:00,0.91716
2008-02-28T00:00,0.92168
2008-02-29T00:00,0.92317
2008-03-02T00:00,0.91708
2008-03-03T00:00,0.91775
2008-03-04T00:00,0.92166
2008-03-05T00:00,0.91688
2008-03-06T00:00,0.92071
2008-03-07T00:00,0.91602
2008-03-09T00:00,0.91958
2008-03-10T00:00,0.91563
2008-03-11T00:00,0.91438
2008-03-12T00:00,0.92114
2008-03-13T00:00,0.92541
2008-03-14T00:00,0.92923
2008-03-16T00:00,0.92938
2008-03-17T00:00,0.92058
2008-03-18T00:00,0.92428
2008-03-19T00:00,0.92372
2008-03-20T00:00,0.93212
2008-03-21T00:00,0.92588
2008-03-23T00:00,0.92508
2008-03-24T00:00,0.93158
2008-03-25T00:00,0.92811
2008-03-26T00:00,0.92888
2008-03-27T00:00,0.93736
2008-03-28T00:00,0.93772
2008-03-30T00:00,0.93655
2008-03-31T00:00,0.93408
2008-04-01T00:00,0.93428
2008-04-02T00:00,0.92843
2008-04-03T00:00,0.92868
2008-04-04T00:00,0.92248
2008-04-06T00:00,0.92778
2008-04-07T00:00,0.92879
2008-04-08T00:00,0.93998
2008-04-09T00:00,0.94204
2008-04-10T00:00,0.94927
2008-04-11T00:00,0.94618
2008-04-13T00:00,0.94638
2008-04-14T00:00,0.94688
2008-04-15T00:00,0.94728
2008-04-16T00:00,0.94128
2008-04-17T00:00,0.94008
2008-04-18T00:00,0.94296
2008-04-20T00:00,0.93878
2008-04-21T00:00,0.94868
2008-04-22T00:00,0.94966
2008-04-23T00:00,0.96154
2008-04-24T00:00,0.96234
2008-04-25T00:00,0.94986
2008-04-27T00:00,0.94368
2008-04-28T00:00,0.94874
2008-04-29T00:00,0.94598
2008-04-30T00:00,0.94528
2008-05-01T00:00,0.94899
2008-05-02T00:00,0.94808
2008-05-04T00:00,0.95461
2008-05-05T00:00,0.95908
2008-05-06T00:00,0.95758
2008-05-07T00:00,0.95168
2008-05-08T00:00,0.94932
2008-05-09T00:00,0.94948
2008-05-11T00:00,0.94749
2008-05-12T00:00,0.95012
2008-05-13T00:00,0.95157
2008-05-14T00:00,0.93708
2008-05-15T00:00,0.93958
2008-05-16T00:00,0.94595
2008-05-18T00:00,0.95398
2008-05-19T00:00,0.94950
2008-05-20T00:00,0.95258
2008-05-21T00:00,0.95148
2008-05-22T00:00,0.94498
2008-05-23T00:00,0.94818
2008-05-25T00:00,0.94877
2008-05-26T00:00,0.94808
2008-05-27T00:00,0.94988
2008-05-28T00:00,0.95378
2008-05-29T00:00,0.95168
2008-05-30T00:00,0.94488
2008-06-01T00:00,0.95099
2008-06-02T00:00,0.94856
2008-06-03T00:00,0.95769
2008-06-04T00:00,0.97017
2008-06-05T00:00,0.97225
2008-06-06T00:00,0.97527
2008-06-08T00:00,0.97957
2008-06-09T00:00,0.98294
2008-06-10T00:00,0.97538
2008-06-11T00:00,0.96668
2008-06-12T00:00,0.95978
2008-06-13T00:00,0.95883
2008-06-15T00:00,0.96599
2008-06-16T00:00,0.96648
2008-06-17T00:00,0.95998
2008-06-18T00:00,0.96038
2008-06-19T00:00,0.96278
2008-06-20T00:00,0.96679
2008-06-22T00:00,0.96928
2008-06-23T00:00,0.96827
2008-06-24T00:00,0.97018
2008-06-25T00:00,0.96814
2008-06-26T00:00,0.96932
2008-06-27T00:00,0.97096
2008-06-29T00:00,0.97286
2008-06-30T00:00,0.97491
2008-07-01T00:00,0.97268
2008-07-02T00:00,0.98058
2008-07-03T00:00,0.97788
2008-07-04T00:00,0.97799
2008-07-06T00:00,0.98089
2008-07-07T00:00,0.97850
2008-07-08T00:00,0.97023
2008-07-09T00:00,0.96628
2008-07-10T00:00,0.97138
2008-07-11T00:00,0.97217
2008-07-13T00:00,0.97768
2008-07-14T00:00,0.97910
2008-07-15T00:00,0.98171
2008-07-16T00:00,0.98124
2008-07-17T00:00,0.97904
2008-07-18T00:00,0.97978
2008-07-20T00:00,0.97945
2008-07-21T00:00,0.98037
2008-07-22T00:00,0.97980
2008-07-23T00:00,0.97824
2008-07-24T00:00,0.97182
2008-07-25T00:00,0.97132
2008-07-27T00:00,0.97257
2008-07-28T00:00,0.97474
2008-07-29T00:00,0.97814
2008-07-30T00:00,0.97086
2008-07-31T00:00,0.96816
2008-08-01T00:00,0.96008
2008-08-03T00:00,0.95653
2008-08-04T00:00,0.95983
2008-08-05T00:00,0.95764
2008-08-06T00:00,0.95499
2008-08-07T00:00,0.95397
2008-08-08T00:00,0.94202
2008-08-10T00:00,0.94818
2008-08-11T00:00,0.94914
2008-08-12T00:00,0.93872
2008-08-13T00:00,0.92692
2008-08-14T00:00,0.93123
2008-08-15T00:00,0.92038
2008-08-17T00:00,0.92299
2008-08-18T00:00,0.92408
2008-08-19T00:00,0.92123
2008-08-20T00:00,0.92782
2008-08-21T00:00,0.91998
2008-08-22T00:00,0.91338
2008-08-24T00:00,0.90808
2008-08-25T00:00,0.90814
2008-08-26T00:00,0.89955
2008-08-27T00:00,0.89894
2008-08-28T00:00,0.90668
2008-08-29T00:00,0.90723
2008-08-31T00:00,0.90968
2008-09-01T00:00,0.91071
2008-09-02T00:00,0.89340
2008-09-03T00:00,0.88886
2008-09-04T00:00,0.88597
2008-09-05T00:00,0.86989
2008-09-07T00:00,0.87518
2008-09-08T00:00,0.87564
2008-09-09T00:00,0.86422
2008-09-10T00:00,0.86157
2008-09-11T00:00,0.85318
2008-09-12T00:00,0.86558
2008-09-14T00:00,0.87418
2008-09-15T00:00,0.86838
2008-09-16T00:00,0.84278
2008-09-17T00:00,0.84760
2008-09-18T00:00,0.85443
2008-09-19T00:00,0.86088
2008-09-21T00:00,0.87233
2008-09-22T00:00,0.87485
2008-09-23T00:00,0.87308
2008-09-24T00:00,0.86858
2008-09-25T00:00,0.87008
2008-09-26T00:00,0.85862
2008-09-28T00:00,0.86348
2008-09-29T00:00,0.85209
2008-09-30T00:00,0.84543
2008-10-01T00:00,0.84507
2008-10-02T00:00,0.83508
2008-10-03T00:00,0.83761
2008-10-05T00:00,0.82528
2008-10-06T00:00,0.81488
2008-10-07T00:00,0.79406
2008-10-08T00:00,0.75096
2008-10-09T00:00,0.79178
2008-10-10T00:00,0.77480
2008-10-12T00:00,0.78888
2008-10-13T00:00,0.79018
2008-10-14T00:00,0.81298
2008-10-15T00:00,0.80608
2008-10-16T00:00,0.80288
2008-10-17T00:00,0.80558
2008-10-19T00:00,0.82253
2008-10-20T00:00,0.82728
2008-10-21T00:00,0.82283
2008-10-22T00:00,0.83188
2008-10-23T00:00,0.83968
2008-10-24T00:00,0.79853
2008-10-26T00:00,0.79118
2008-10-27T00:00,0.77898
2008-10-28T00:00,0.79088
2008-10-29T00:00,0.81568
2008-10-30T00:00,0.81328
2008-10-31T00:00,0.81406
2008-11-02T00:00,0.81818
2008-11-03T00:00,0.81212
2008-11-04T00:00,0.79698
2008-11-05T00:00,0.79988
2008-11-06T00:00,0.79702
2008-11-07T00:00,0.80208
2008-11-09T00:00,0.81018
2008-11-10T00:00,0.81028
2008-11-11T00:00,0.79561
2008-11-12T00:00,0.79333
2008-11-13T00:00,0.79158
2008-11-14T00:00,0.79613
2008-11-16T00:00,0.79738
2008-11-17T00:00,0.80128
2008-11-18T00:00,0.79548
2008-11-19T00:00,0.79998
2008-11-20T00:00,0.78858
2008-11-21T00:00,0.80012
2008-11-23T00:00,0.80038
2008-11-24T00:00,0.79920
2008-11-25T00:00,0.79437
2008-11-26T00:00,0.79286
2008-11-27T00:00,0.80637
2008-11-28T00:00,0.81247
2008-11-30T00:00,0.80493
2008-12-01T00:00,0.79870
2008-12-02T00:00,0.79952
2008-12-03T00:00,0.80596
2008-12-04T00:00,0.81468
2008-12-05T00:00,0.82418
2008-12-07T00:00,0.82896
2008-12-08T00:00,0.83238
2008-12-09T00:00,0.82241
2008-12-10T00:00,0.83044
2008-12-11T00:00,0.82931
2008-12-12T00:00,0.81856
2008-12-14T00:00,0.82761
2008-12-15T00:00,0.82235
2008-12-16T00:00,0.82803
2008-12-17T00:00,0.83946
2008-12-18T00:00,0.84420
2008-12-19T00:00,0.84328
2008-12-21T00:00,0.82603
2008-12-22T00:00,0.83153
2008-12-23T00:00,0.83633
2008-12-24T00:00,0.83026
2008-12-28T00:00,0.83490
2008-12-29T00:00,0.84500
2008-12-30T00:00,0.85183
2008-12-31T00:00,0.84382
2009-01-04T00:00,0.86288
2009-01-05T00:00,0.86482
2009-01-06T00:00,0.84565
2009-01-07T00:00,0.85343
2009-01-08T00:00,0.84421
2009-01-09T00:00,0.83418
2009-01-11T00:00,0.83057
2009-01-12T00:00,0.82415
2009-01-13T00:00,0.81726
2009-01-14T00:00,0.82221
2009-01-15T00:00,0.82026
2009-01-16T00:00,0.83791
2009-01-18T00:00,0.84237
2009-01-19T00:00,0.84330
2009-01-20T00:00,0.83585
2009-01-21T00:00,0.82291
2009-01-22T00:00,0.82799
2009-01-23T00:00,0.81272
2009-01-25T00:00,0.80855
2009-01-26T00:00,0.79930
2009-01-27T00:00,0.81407
2009-01-28T00:00,0.81373
2009-01-29T00:00,0.80220
2009-01-30T00:00,0.79220
2009-02-01T00:00,0.77833
2009-02-02T00:00,0.77486
2009-02-03T00:00,0.79604
2009-02-04T00:00,0.79576
2009-02-05T00:00,0.79531
2009-02-06T00:00,0.81860
2009-02-08T00:00,0.81634
2009-02-09T00:00,0.82375
2009-02-10T00:00,0.81831
2009-02-11T00:00,0.81315
2009-02-12T00:00,0.80610
2009-02-13T00:00,0.81444
2009-02-15T00:00,0.81086
2009-02-16T00:00,0.80615
2009-02-17T00:00,0.80804
2009-02-18T00:00,0.80426
2009-02-19T00:00,0.81106
2009-02-20T00:00,0.80482
2009-02-22T00:00,0.80980
2009-02-23T00:00,0.80809
2009-02-24T00:00,0.80932
2009-02-25T00:00,0.81246
2009-02-26T00:00,0.81543
2009-02-27T00:00,0.80564
2009-03-01T00:00,0.80990
2009-03-02T00:00,0.81306
2009-03-03T00:00,0.82615
2009-03-04T00:00,0.82529
2009-03-05T00:00,0.82345
2009-03-06T00:00,0.82142
2009-03-08T00:00,0.82640
2009-03-09T00:00,0.82361
2009-03-10T00:00,0.82520
2009-03-11T00:00,0.82729
2009-03-12T00:00,0.83142
2009-03-13T00:00,0.84121
2009-03-15T00:00,0.83727
2009-03-16T00:00,0.83753
2009-03-17T00:00,0.83801
2009-03-18T00:00,0.83919
2009-03-19T00:00,0.84330
2009-03-20T00:00,0.85356
2009-03-22T00:00,0.85739
2009-03-23T00:00,0.86107
2009-03-24T00:00,0.86242
2009-03-25T00:00,0.85766
2009-03-26T00:00,0.86243
2009-03-27T00:00,0.86066
2009-03-29T00:00,0.85674
2009-03-30T00:00,0.84953
2009-03-31T00:00,0.86465
2009-04-01T00:00,0.87251
2009-04-02T00:00,0.88535
2009-04-03T00:00,0.88779
2009-04-05T00:00,0.88162
2009-04-06T00:00,0.87945
2009-04-07T00:00,0.88214
2009-04-08T00:00,0.87702
2009-04-09T00:00,0.87799
2009-04-10T00:00,0.88240
2009-04-12T00:00,0.88566
2009-04-13T00:00,0.88769
2009-04-14T00:00,0.88790
2009-04-15T00:00,0.87789
2009-04-16T00:00,0.86927
2009-04-17T00:00,0.87489
2009-04-19T00:00,0.87259
2009-04-20T00:00,0.86781
2009-04-21T00:00,0.86939
2009-04-22T00:00,0.87291
2009-04-23T00:00,0.87682
2009-04-24T00:00,0.87559
2009-04-26T00:00,0.87128
2009-04-27T00:00,0.87199
2009-04-28T00:00,0.85831
2009-04-29T00:00,0.86365
2009-04-30T00:00,0.87329
2009-05-01T00:00,0.86879
2009-05-03T00:00,0.86974
2009-05-04T00:00,0.86899
2009-05-05T00:00,0.87267
2009-05-06T00:00,0.87279
2009-05-07T00:00,0.88369
2009-05-08T00:00,0.88351
2009-05-10T00:00,0.88325
2009-05-11T00:00,0.88129
2009-05-12T00:00,0.88788
2009-05-13T00:00,0.88887
2009-05-14T00:00,0.88336
2009-05-15T00:00,0.88658
2009-05-17T00:00,0.88067
2009-05-18T00:00,0.88539
2009-05-19T00:00,0.89583
2009-05-20T00:00,0.89318
2009-05-21T00:00,0.88036
2009-05-22T00:00,0.88427
2009-05-24T00:00,0.87709
2009-05-25T00:00,0.87790
2009-05-26T00:00,0.87699
2009-05-27T00:00,0.87389
2009-05-28T00:00,0.87528
2009-05-29T00:00,0.87631
2009-05-31T00:00,0.87579
2009-06-01T00:00,0.87789
2009-06-02T00:00,0.88518
2009-06-03T00:00,0.89198
2009-06-04T00:00,0.89121
2009-06-05T00:00,0.88809
2009-06-07T00:00,0.89033
2009-06-08T00:00,0.88368
2009-06-09T00:00,0.88129
2009-06-10T00:00,0.88940
2009-06-11T00:00,0.89625
2009-06-12T00:00,0.90499
2009-06-14T00:00,0.90449
2009-06-15T00:00,0.90549
2009-06-16T00:00,0.89979
2009-06-17T00:00,0.89903
2009-06-18T00:00,0.90099
2009-06-19T00:00,0.90924
2009-06-21T00:00,0.91032
2009-06-22T00:00,0.91078
2009-06-23T00:00,0.90559
2009-06-24T00:00,0.91748
2009-06-25T00:00,0.92213
2009-06-26T00:00,0.92446
2009-06-28T00:00,0.92810
2009-06-29T00:00,0.92759
2009-06-30T00:00,0.93795
2009-07-01T00:00,0.93502
2009-07-02T00:00,0.92549
2009-07-03T00:00,0.92479
2009-07-05T00:00,0.92359
2009-07-06T00:00,0.92070
2009-07-07T00:00,0.92513
2009-07-08T00:00,0.91529
2009-07-09T00:00,0.91002
2009-07-10T00:00,0.90422
2009-07-12T00:00,0.90749
2009-07-13T00:00,0.89956
2009-07-14T00:00,0.90505
2009-07-15T00:00,0.90460
2009-07-16T00:00,0.89493
2009-07-17T00:00,0.89611
2009-07-19T00:00,0.89609
2009-07-20T00:00,0.89700
2009-07-21T00:00,0.90045
2009-07-22T00:00,0.90271
2009-07-23T00:00,0.90130
2009-07-24T00:00,0.88710
2009-07-26T00:00,0.88871
2009-07-27T00:00,0.89148
2009-07-28T00:00,0.89804
2009-07-29T00:00,0.89085
2009-07-30T00:00,0.89368
2009-07-31T00:00,0.89390
2009-08-02T00:00,0.90119
2009-08-03T00:00,0.90100
2009-08-04T00:00,0.89755
2009-08-05T00:00,0.90764
2009-08-06T00:00,0.90259
2009-08-07T00:00,0.90194
2009-08-09T00:00,0.90779
2009-08-10T00:00,0.90964
2009-08-11T00:00,0.91536
2009-08-12T00:00,0.90838
2009-08-13T00:00,0.91283
2009-08-14T00:00,0.91634
2009-08-16T00:00,0.91119
2009-08-17T00:00,0.90794
2009-08-18T00:00,0.91153
2009-08-19T00:00,0.90935
2009-08-20T00:00,0.91139
2009-08-21T00:00,0.90188
2009-08-23T00:00,0.90729
2009-08-24T00:00,0.90760
2009-08-25T00:00,0.90386
2009-08-26T00:00,0.91210
2009-08-27T00:00,0.91226
2009-08-28T00:00,0.91529
2009-08-30T00:00,0.92277
2009-08-31T00:00,0.92151
2009-09-01T00:00,0.91586
2009-09-02T00:00,0.91699
2009-09-03T00:00,0.92445
2009-09-04T00:00,0.92437
2009-09-06T00:00,0.92579
2009-09-07T00:00,0.92206
2009-09-08T00:00,0.92408
2009-09-09T00:00,0.92855
2009-09-10T00:00,0.92854
2009-09-11T00:00,0.92843
2009-09-13T00:00,0.92868
2009-09-14T00:00,0.92797
2009-09-15T00:00,0.93357
2009-09-16T00:00,0.93198
2009-09-17T00:00,0.93016
2009-09-18T00:00,0.93355
2009-09-20T00:00,0.92839
2009-09-21T00:00,0.92662
2009-09-22T00:00,0.93427
2009-09-23T00:00,0.93629
2009-09-24T00:00,0.93684
2009-09-25T00:00,0.94464
2009-09-27T00:00,0.94824
2009-09-28T00:00,0.94703
2009-09-29T00:00,0.94949
2009-09-30T00:00,0.94989
2009-10-01T00:00,0.94328
2009-10-02T00:00,0.94273
2009-10-04T00:00,0.93659
2009-10-05T00:00,0.93854
2009-10-06T00:00,0.94519
2009-10-07T00:00,0.94397
2009-10-08T00:00,0.95148
2009-10-09T00:00,0.95340
2009-10-11T00:00,0.94452
2009-10-12T00:00,0.94249
2009-10-13T00:00,0.93809
2009-10-14T00:00,0.93892
2009-10-15T00:00,0.94178
2009-10-16T00:00,0.95314
2009-10-18T00:00,0.95004
2009-10-19T00:00,0.95392
2009-10-20T00:00,0.95489
2009-10-21T00:00,0.96769
2009-10-22T00:00,0.96898
2009-10-23T00:00,0.97309
2009-10-25T00:00,0.96998
2009-10-26T00:00,0.97320
2009-10-27T00:00,0.98169
2009-10-28T00:00,0.97039
2009-10-29T00:00,0.96949
2009-10-30T00:00,0.97739
2009-11-01T00:00,0.97284
2009-11-02T00:00,0.97489
2009-11-03T00:00,0.97204
2009-11-04T00:00,0.96239
2009-11-05T00:00,0.96539
2009-11-06T00:00,0.97318
2009-11-08T00:00,0.99034
2009-11-09T00:00,0.98969
2009-11-10T00:00,0.98179
2009-11-11T00:00,0.97669
2009-11-12T00:00,0.97539
2009-11-13T00:00,0.97689
2009-11-15T00:00,0.98417
2009-11-16T00:00,0.97969
2009-11-17T00:00,0.97918
2009-11-18T00:00,0.97829
2009-11-19T00:00,0.97749
2009-11-20T00:00,0.97849
2009-11-22T00:00,0.97994
2009-11-23T00:00,0.97849
2009-11-24T00:00,0.97589
2009-11-25T00:00,0.97707
2009-11-26T00:00,0.96829
2009-11-27T00:00,0.96219
2009-11-29T00:00,0.96645
2009-11-30T00:00,0.96949
2009-12-01T00:00,0.96459
2009-12-02T00:00,0.96927
2009-12-03T00:00,0.97558
2009-12-04T00:00,0.97602
2009-12-06T00:00,0.96509
2009-12-07T00:00,0.96639
2009-12-08T00:00,0.95969
2009-12-09T00:00,0.96268
2009-12-10T00:00,0.96562
2009-12-11T00:00,0.96319
2009-12-13T00:00,0.96739
2009-12-14T00:00,0.96460
2009-12-15T00:00,0.96499
2009-12-16T00:00,0.95447
2009-12-17T00:00,0.95080
2009-12-18T00:00,0.94793
2009-12-20T00:00,0.95109
2009-12-21T00:00,0.94632
2009-12-22T00:00,0.93394
2009-12-23T00:00,0.92649
2009-12-24T00:00,0.92510
2009-12-27T00:00,0.92941
2009-12-28T00:00,0.92916
2009-12-29T00:00,0.92686
2009-12-30T00:00,0.93579
2009-12-31T00:00,0.94339
2010-01-03T00:00,0.94579
2010-01-04T00:00,0.93889
2010-01-05T00:00,0.94939
2010-01-06T00:00,0.94849
2010-01-07T00:00,0.95289
2010-01-08T00:00,0.94739
2010-01-10T00:00,0.95560
2010-01-11T00:00,0.95639
2010-01-12T00:00,0.96014
2010-01-13T00:00,0.95899
2010-01-14T00:00,0.95819
2010-01-15T00:00,0.95110
2010-01-17T00:00,0.95018
2010-01-18T00:00,0.94855
2010-01-19T00:00,0.94834
2010-01-20T00:00,0.94995
2010-01-21T00:00,0.95538
2010-01-22T00:00,0.94771
2010-01-24T00:00,0.95616
2010-01-25T00:00,0.95659
2010-01-26T00:00,0.95222
2010-01-27T00:00,0.95889
2010-01-28T00:00,0.95602
2010-01-29T00:00,0.95169
2010-01-31T00:00,0.94323
2010-02-01T00:00,0.94482
2010-02-02T00:00,0.93572
2010-02-03T00:00,0.93610
2010-02-04T00:00,0.93432
2010-02-05T00:00,0.93089
2010-02-07T00:00,0.92745
2010-02-08T00:00,0.92733
2010-02-09T00:00,0.93063
2010-02-10T00:00,0.93549
2010-02-11T00:00,0.94089
2010-02-12T00:00,0.93508
2010-02-14T00:00,0.93326
2010-02-15T00:00,0.93309
2010-02-16T00:00,0.93594
2010-02-17T00:00,0.94159
2010-02-18T00:00,0.93879
2010-02-19T00:00,0.93497
2010-02-21T00:00,0.93649
2010-02-22T00:00,0.93582
2010-02-23T00:00,0.93849
2010-02-24T00:00,0.94062
2010-02-25T00:00,0.93919
2010-02-26T00:00,0.94197
2010-02-28T00:00,0.94641
2010-03-01T00:00,0.94469
2010-03-02T00:00,0.93750
2010-03-03T00:00,0.93569
2010-03-04T00:00,0.93089
2010-03-05T00:00,0.92881
2010-03-07T00:00,0.93469
2010-03-08T00:00,0.93609
2010-03-09T00:00,0.93555
2010-03-10T00:00,0.94019
2010-03-11T00:00,0.93774
2010-03-12T00:00,0.93805
2010-03-14T00:00,0.93375
2010-03-15T00:00,0.92996
2010-03-16T00:00,0.93241
2010-03-17T00:00,0.93149
2010-03-18T00:00,0.93293
2010-03-19T00:00,0.93756
2010-03-21T00:00,0.93125
2010-03-22T00:00,0.92949
2010-03-23T00:00,0.93442
2010-03-24T00:00,0.93303
2010-03-25T00:00,0.93249
2010-03-26T00:00,0.92998
2010-03-28T00:00,0.92791
2010-03-29T00:00,0.93089
2010-03-30T00:00,0.93804
2010-03-31T00:00,0.93240
2010-04-01T00:00,0.92880
2010-04-02T00:00,0.92957
2010-04-04T00:00,0.92900
2010-04-05T00:00,0.92828
2010-04-06T00:00,0.92451
2010-04-07T00:00,0.92675
2010-04-08T00:00,0.93309
2010-04-09T00:00,0.92906
2010-04-11T00:00,0.94140
2010-04-12T00:00,0.93714
2010-04-13T00:00,0.92759
2010-04-14T00:00,0.93151
2010-04-15T00:00,0.93170
2010-04-16T00:00,0.93414
2010-04-18T00:00,0.93599
2010-04-19T00:00,0.93453
2010-04-20T00:00,0.94054
2010-04-21T00:00,0.92862
2010-04-22T00:00,0.92546
2010-04-23T00:00,0.92384
2010-04-25T00:00,0.92639
2010-04-26T00:00,0.92694
2010-04-27T00:00,0.92707
2010-04-28T00:00,0.93459
2010-04-29T00:00,0.93414
2010-04-30T00:00,0.93368
2010-05-02T00:00,0.93966
2010-05-03T00:00,0.94025
2010-05-04T00:00,0.93701
2010-05-05T00:00,0.93277
2010-05-06T00:00,0.93378
2010-05-07T00:00,0.93242
2010-05-09T00:00,0.93309
2010-05-10T00:00,0.92823
2010-05-11T00:00,0.92281
2010-05-12T00:00,0.91084
2010-05-13T00:00,0.91451
2010-05-14T00:00,0.91619
2010-05-16T00:00,0.91589
2010-05-17T00:00,0.91301
2010-05-18T00:00,0.90248
2010-05-19T00:00,0.89130
2010-05-20T00:00,0.88070
2010-05-21T00:00,0.88413
2010-05-23T00:00,0.88419
2010-05-24T00:00,0.87857
2010-05-25T00:00,0.87692
2010-05-26T00:00,0.88291
2010-05-27T00:00,0.88429
2010-05-28T00:00,0.89309
2010-05-30T00:00,0.89089
2010-05-31T00:00,0.89110
2010-06-01T00:00,0.87726
2010-06-02T00:00,0.87688
2010-06-03T00:00,0.87838
2010-06-04T00:00,0.87999
2010-06-06T00:00,0.87263
2010-06-07T00:00,0.86667
2010-06-08T00:00,0.86500
2010-06-09T00:00,0.86357
2010-06-10T00:00,0.87086
2010-06-11T00:00,0.87218
2010-06-13T00:00,0.88063
2010-06-14T00:00,0.88218
2010-06-15T00:00,0.88493
2010-06-16T00:00,0.88698
2010-06-17T00:00,0.88276
2010-06-18T00:00,0.89333
2010-06-20T00:00,0.89876
2010-06-21T00:00,0.89596
2010-06-22T00:00,0.89916
2010-06-23T00:00,0.89638
2010-06-24T00:00,0.90852
2010-06-25T00:00,0.89826
2010-06-27T00:00,0.90548
2010-06-28T00:00,0.90727
2010-06-29T00:00,0.89886
2010-06-30T00:00,0.89798
2010-07-01T00:00,0.89044
2010-07-02T00:00,0.89738
2010-07-04T00:00,0.89470
2010-07-05T00:00,0.89389
2010-07-06T00:00,0.89410
2010-07-07T00:00,0.89477
2010-07-08T00:00,0.91194
2010-07-09T00:00,0.91369
2010-07-11T00:00,0.90869
2010-07-12T00:00,0.90298
2010-07-13T00:00,0.90500
2010-07-14T00:00,0.90908
2010-07-15T00:00,0.91219
2010-07-16T00:00,0.91367
2010-07-18T00:00,0.91805
2010-07-19T00:00,0.91489
2010-07-20T00:00,0.92471
2010-07-21T00:00,0.91797
2010-07-22T00:00,0.92011
2010-07-23T00:00,0.92718
2010-07-25T00:00,0.93007
2010-07-26T00:00,0.92815
2010-07-27T00:00,0.93073
2010-07-28T00:00,0.92613
2010-07-29T00:00,0.92822
2010-07-30T00:00,0.93168
2010-08-01T00:00,0.93227
2010-08-02T00:00,0.93303
2010-08-03T00:00,0.93242
2010-08-04T00:00,0.93565
2010-08-05T00:00,0.93030
2010-08-06T00:00,0.93009
2010-08-08T00:00,0.94449
2010-08-09T00:00,0.94270
2010-08-10T00:00,0.93990
2010-08-11T00:00,0.93816
2010-08-12T00:00,0.93752
2010-08-13T00:00,0.93746
2010-08-15T00:00,0.93159
2010-08-16T00:00,0.92761
2010-08-17T00:00,0.93878
2010-08-18T00:00,0.93222
2010-08-19T00:00,0.92452
2010-08-20T00:00,0.92549
2010-08-22T00:00,0.93066
2010-08-23T00:00,0.93472
2010-08-24T00:00,0.93743
2010-08-25T00:00,0.93779
2010-08-26T00:00,0.93733
2010-08-27T00:00,0.93823
2010-08-29T00:00,0.94731
2010-08-30T00:00,0.94401
2010-08-31T00:00,0.94747
2010-09-01T00:00,0.95557
2010-09-02T00:00,0.95459
2010-09-03T00:00,0.95744
2010-09-05T00:00,0.95289
2010-09-06T00:00,0.95162
2010-09-07T00:00,0.94879
2010-09-08T00:00,0.95628
2010-09-09T00:00,0.95734
2010-09-10T00:00,0.95373
2010-09-12T00:00,0.96129
2010-09-13T00:00,0.96148
2010-09-14T00:00,0.96031
2010-09-15T00:00,0.96642
2010-09-16T00:00,0.96165
2010-09-17T00:00,0.96692
2010-09-19T00:00,0.96894
2010-09-20T00:00,0.97418
2010-09-21T00:00,0.97299
2010-09-22T00:00,0.98035
2010-09-23T00:00,0.98436
2010-09-24T00:00,0.98132
2010-09-26T00:00,0.98528
2010-09-27T00:00,0.98213
2010-09-28T00:00,0.98843
2010-09-29T00:00,0.99529
2010-09-30T00:00,0.99982
2010-10-01T00:00,0.99627
2010-10-03T00:00,0.99189
2010-10-04T00:00,0.98810
2010-10-05T00:00,0.98116
2010-10-06T00:00,0.98565
2010-10-07T00:00,0.99407
2010-10-08T00:00,0.99957
2010-10-10T00:00,1.00021
2010-10-11T00:00,0.99689
2010-10-12T00:00,0.99344
2010-10-13T00:00,0.99549
2010-10-14T00:00,0.99539
2010-10-15T00:00,0.99654
2010-10-17T00:00,1.00538
2010-10-18T00:00,1.00243
2010-10-19T00:00,1.00576
2010-10-20T00:00,1.00476
2010-10-21T00:00,1.00723
2010-10-22T00:00,1.00803
2010-10-24T00:00,1.01294
2010-10-25T00:00,1.01446
2010-10-26T00:00,1.01076
2010-10-27T00:00,0.99950
2010-10-28T00:00,1.00212
2010-10-29T00:00,0.99773
2010-10-31T00:00,1.00459
2010-11-01T00:00,1.00496
2010-11-02T00:00,1.00935
2010-11-03T00:00,1.00607
2010-11-04T00:00,1.01363
2010-11-05T00:00,1.01785
2010-11-07T00:00,1.01679
2010-11-08T00:00,1.01485
2010-11-09T00:00,1.01590
2010-11-10T00:00,1.00965
2010-11-11T00:00,1.00491
2010-11-12T00:00,1.00153
2010-11-14T00:00,1.00046
2010-11-15T00:00,0.99665
2010-11-16T00:00,0.99460
2010-11-17T00:00,0.99760
2010-11-18T00:00,1.00400
2010-11-19T00:00,1.00600
2010-11-21T00:00,1.00460
2010-11-22T00:00,1.00708
2010-11-23T00:00,1.00383
2010-11-24T00:00,0.99722
2010-11-25T00:00,0.98804
2010-11-26T00:00,0.98564
2010-11-28T00:00,0.98479
2010-11-29T00:00,0.98327
2010-11-30T00:00,0.98139
2010-12-01T00:00,0.98075
2010-12-02T00:00,0.98102
2010-12-03T00:00,0.97931
2010-12-05T00:00,0.99399
2010-12-06T00:00,0.99292
2010-12-07T00:00,0.99567
2010-12-08T00:00,0.99224
2010-12-09T00:00,0.99647
2010-12-10T00:00,0.99494
2010-12-12T00:00,0.99469
2010-12-13T00:00,0.99468
2010-12-14T00:00,1.00328
2010-12-15T00:00,1.00339
2010-12-16T00:00,0.99061
2010-12-17T00:00,0.99592
2010-12-19T00:00,1.00134
2010-12-20T00:00,1.00082
2010-12-21T00:00,1.01290
2010-12-22T00:00,1.01400
2010-12-23T00:00,1.01382
2010-12-24T00:00,1.01355
2010-12-27T00:00,1.01150
2010-12-28T00:00,1.01366
2010-12-29T00:00,1.01134
2010-12-30T00:00,1.01678
2010-12-31T00:00,1.01694
2011-01-03T00:00,1.01288
2011-01-04T00:00,1.00335
2011-01-05T00:00,1.00141
2011-01-06T00:00,0.99320
2011-01-07T00:00,0.99070
2011-01-09T00:00,0.98649
2011-01-10T00:00,0.98934
2011-01-11T00:00,0.97851
2011-01-12T00:00,0.97363
2011-01-13T00:00,0.98149
2011-01-14T00:00,0.98639
2011-01-16T00:00,0.98043
2011-01-17T00:00,0.97683
2011-01-18T00:00,0.97994
2011-01-19T00:00,0.99445
2011-01-20T00:00,0.99322
2011-01-21T00:00,0.98315
2011-01-23T00:00,0.98224
2011-01-24T00:00,0.98241
2011-01-25T00:00,0.98832
2011-01-26T00:00,0.99511
2011-01-27T00:00,0.99125
2011-01-28T00:00,0.98538
2011-01-30T00:00,0.99154
2011-01-31T00:00,0.99333
2011-02-01T00:00,1.00173
2011-02-02T00:00,1.00141
2011-02-03T00:00,0.99874
2011-02-04T00:00,1.00955
2011-02-06T00:00,1.00079
2011-02-07T00:00,1.00017
2011-02-08T00:00,1.00471
2011-02-09T00:00,1.00811
2011-02-10T00:00,1.00297
2011-02-11T00:00,0.99432
2011-02-13T00:00,0.98842
2011-02-14T00:00,0.98980
2011-02-15T00:00,0.99221
2011-02-16T00:00,0.98794
2011-02-17T00:00,0.98796
2011-02-18T00:00,0.99624
2011-02-20T00:00,1.00004
2011-02-21T00:00,0.99837
2011-02-22T00:00,0.98956
2011-02-23T00:00,0.99075
2011-02-24T00:00,0.99474
2011-02-25T00:00,0.99463
2011-02-27T00:00,0.99409
2011-02-28T00:00,0.99409
2011-03-01T00:00,0.98621
2011-03-02T00:00,0.98472
2011-03-03T00:00,0.98842
2011-03-04T00:00,0.98652
2011-03-06T00:00,0.98819
2011-03-07T00:00,0.98529
2011-03-08T00:00,0.98501
2011-03-09T00:00,0.97786
2011-03-10T00:00,0.97539
2011-03-11T00:00,0.97770
2011-03-13T00:00,0.98799
2011-03-14T00:00,0.98161
2011-03-15T00:00,0.97922
2011-03-16T00:00,0.97621
2011-03-17T00:00,0.97184
2011-03-18T00:00,0.97707
2011-03-20T00:00,0.98144
2011-03-21T00:00,0.98251
2011-03-22T00:00,0.98500
2011-03-23T00:00,0.99144
2011-03-24T00:00,0.99341
2011-03-25T00:00,0.99546
2011-03-27T00:00,1.00479
2011-03-28T00:00,1.00681
2011-03-29T00:00,1.00142
2011-03-30T00:00,1.00478
2011-03-31T00:00,1.00386
2011-04-01T00:00,1.00327
2011-04-03T00:00,1.00299
2011-04-04T00:00,0.99945
2011-04-05T00:00,0.99864
2011-04-06T00:00,0.99792
2011-04-07T00:00,1.00587
2011-04-08T00:00,1.00600
2011-04-10T00:00,1.00994
2011-04-11T00:00,1.00974
2011-04-12T00:00,1.00249
2011-04-13T00:00,1.00673
2011-04-14T00:00,1.01119
2011-04-15T00:00,1.01265
2011-04-17T00:00,1.01354
2011-04-18T00:00,1.01596
2011-04-19T00:00,1.01068
2011-04-20T00:00,1.01067
2011-04-21T00:00,1.01948
2011-04-22T00:00,1.02219
2011-04-24T00:00,1.02389
2011-04-25T00:00,1.02086
2011-04-26T00:00,1.02063
2011-04-27T00:00,1.02900
2011-04-28T00:00,1.03568
2011-04-29T00:00,1.03763
2011-05-01T00:00,1.03734
2011-05-02T00:00,1.03844
2011-05-03T00:00,1.03279
2011-05-04T00:00,1.03165
2011-05-05T00:00,1.02903
2011-05-06T00:00,1.03264
2011-05-08T00:00,1.03886
2011-05-09T00:00,1.03543
2011-05-10T00:00,1.03813
2011-05-11T00:00,1.03833
2011-05-12T00:00,1.02333
2011-05-13T00:00,1.02616
2011-05-15T00:00,1.02554
2011-05-16T00:00,1.02335
2011-05-17T00:00,1.03196
2011-05-18T00:00,1.03433
2011-05-19T00:00,1.03286
2011-05-20T00:00,1.03128
2011-05-22T00:00,1.03740
2011-05-23T00:00,1.03249
2011-05-24T00:00,1.03028
2011-05-25T00:00,1.02748
2011-05-26T00:00,1.03444
2011-05-27T00:00,1.04431
2011-05-29T00:00,1.04964
2011-05-30T00:00,1.04408
2011-05-31T00:00,1.04241
2011-06-01T00:00,1.03976
2011-06-02T00:00,1.03943
2011-06-03T00:00,1.04367
2011-06-05T00:00,1.04929
2011-06-06T00:00,1.05245
2011-06-07T00:00,1.04662
2011-06-08T00:00,1.04269
2011-06-09T00:00,1.03863
2011-06-10T00:00,1.03301
2011-06-12T00:00,1.03234
2011-06-13T00:00,1.03029
2011-06-14T00:00,1.03624
2011-06-15T00:00,1.03703
2011-06-16T00:00,1.03269
2011-06-17T00:00,1.03571
2011-06-19T00:00,1.04179
2011-06-20T00:00,1.03793
2011-06-21T00:00,1.03350
2011-06-22T00:00,1.03049
2011-06-23T00:00,1.02689
2011-06-24T00:00,1.03133
2011-06-26T00:00,1.03549
2011-06-27T00:00,1.03265
2011-06-28T00:00,1.03084
2011-06-29T00:00,1.03363
2011-06-30T00:00,1.03942
2011-07-01T00:00,1.03109
2011-07-03T00:00,1.03464
2011-07-04T00:00,1.02999
2011-07-05T00:00,1.02642
2011-07-06T00:00,1.03218
2011-07-07T00:00,1.03769
2011-07-08T00:00,1.03363
2011-07-10T00:00,1.03054
2011-07-11T00:00,1.03355
2011-07-12T00:00,1.03019
2011-07-13T00:00,1.02374
2011-07-14T00:00,1.03089
2011-07-15T00:00,1.03009
2011-07-17T00:00,1.01535
2011-07-18T00:00,1.01529
2011-07-19T00:00,1.01867
2011-07-20T00:00,1.01929
2011-07-21T00:00,1.01431
2011-07-22T00:00,1.02399
2011-07-24T00:00,1.02849
2011-07-25T00:00,1.03009
2011-07-26T00:00,1.03036
2011-07-27T00:00,1.04261
2011-07-28T00:00,1.04848
2011-07-29T00:00,1.04370
2011-07-31T00:00,1.05274
2011-08-01T00:00,1.05195
2011-08-02T00:00,1.04456
2011-08-03T00:00,1.03294
2011-08-04T00:00,1.03016
2011-08-05T00:00,1.02465
2011-08-07T00:00,1.02424
2011-08-08T00:00,1.01687
2011-08-09T00:00,1.00710
2011-08-10T00:00,1.01400
2011-08-11T00:00,1.01452
2011-08-12T00:00,1.01534
2011-08-14T00:00,1.02462
2011-08-15T00:00,1.02887
2011-08-16T00:00,1.02751
2011-08-17T00:00,1.02990
2011-08-18T00:00,1.03073
2011-08-19T00:00,1.02709
2011-08-21T00:00,1.02938
2011-08-22T00:00,1.02915
2011-08-23T00:00,1.03469
2011-08-24T00:00,1.03757
2011-08-25T00:00,1.03195
2011-08-26T00:00,1.03457
2011-08-28T00:00,1.03837
2011-08-29T00:00,1.04015
2011-08-30T00:00,1.04196
2011-08-31T00:00,1.04629
2011-09-01T00:00,1.04600
2011-09-02T00:00,1.04626
2011-09-04T00:00,1.04684
2011-09-05T00:00,1.04514
2011-09-06T00:00,1.04240
2011-09-07T00:00,1.04728
2011-09-08T00:00,1.04399
2011-09-09T00:00,1.04912
2011-09-11T00:00,1.04104
2011-09-12T00:00,1.03471
2011-09-13T00:00,1.02835
2011-09-14T00:00,1.01360
2011-09-15T00:00,1.01420
2011-09-16T00:00,1.01805
2011-09-18T00:00,1.01179
2011-09-19T00:00,1.00788
2011-09-20T00:00,1.01280
2011-09-21T00:00,1.02107
2011-09-22T00:00,1.01426
2011-09-23T00:00,1.00499
2011-09-25T00:00,1.00939
2011-09-26T00:00,1.00626
2011-09-27T00:00,1.00833
2011-09-28T00:00,1.01089
2011-09-29T00:00,1.01132
2011-09-30T00:00,1.01610
2011-10-02T00:00,1.01353
2011-10-03T00:00,1.01230
2011-10-04T00:00,1.00088
2011-10-05T00:00,1.00620
2011-10-06T00:00,1.00544
2011-10-07T00:00,1.01607
2011-10-09T00:00,1.01384
2011-10-10T00:00,1.01638
2011-10-11T00:00,1.02634
2011-10-12T00:00,1.01989
2011-10-13T00:00,1.03890
2011-10-14T00:00,1.04084
2011-10-16T00:00,1.04461
2011-10-17T00:00,1.03968
2011-10-18T00:00,1.04226
2011-10-19T00:00,1.04310
2011-10-20T00:00,1.04181
2011-10-21T00:00,1.03825
2011-10-23T00:00,1.04429
2011-10-24T00:00,1.04581
2011-10-25T00:00,1.04934
2011-10-26T00:00,1.05260
2011-10-27T00:00,1.04911
2011-10-28T00:00,1.05912
2011-10-30T00:00,1.06166
2011-10-31T00:00,1.05300
2011-11-01T00:00,1.04729
2011-11-02T00:00,1.05553
2011-11-03T00:00,1.04379
2011-11-04T00:00,1.05024
2011-11-06T00:00,1.05860
2011-11-07T00:00,1.05471
2011-11-08T00:00,1.04785
2011-11-09T00:00,1.04675
2011-11-10T00:00,1.03841
2011-11-11T00:00,1.03533
2011-11-13T00:00,1.04334
2011-11-14T00:00,1.04489
2011-11-15T00:00,1.03640
2011-11-16T00:00,1.03507
2011-11-17T00:00,1.03339
2011-11-18T00:00,1.02884
2011-11-20T00:00,1.02764
2011-11-21T00:00,1.02680
2011-11-22T00:00,1.02235
2011-11-23T00:00,1.01719
2011-11-24T00:00,1.01802
2011-11-25T00:00,1.01678
2011-11-27T00:00,1.02474
2011-11-28T00:00,1.02441
2011-11-29T00:00,1.02569
2011-11-30T00:00,1.03437
2011-12-01T00:00,1.04331
2011-12-02T00:00,1.03708
2011-12-04T00:00,1.04283
2011-12-05T00:00,1.03974
2011-12-06T00:00,1.03752
2011-12-07T00:00,1.03619
2011-12-08T00:00,1.03679
2011-12-09T00:00,1.03711
2011-12-11T00:00,1.04113
2011-12-12T00:00,1.03824
2011-12-13T00:00,1.03559
2011-12-14T00:00,1.03553
2011-12-15T00:00,1.02756
2011-12-16T00:00,1.02999
2011-12-18T00:00,1.03700
2011-12-19T00:00,1.03119
2011-12-20T00:00,1.03114
2011-12-21T00:00,1.04064
2011-12-22T00:00,1.03599
2011-12-23T00:00,1.03785
2011-12-27T00:00,1.03681
2011-12-28T00:00,1.03670
2011-12-29T00:00,1.03339
2011-12-30T00:00,1.03648
2012-01-03T00:00,1.04514
2012-01-04T00:00,1.04845
2012-01-05T00:00,1.04700
2012-01-06T00:00,1.04339
2012-01-08T00:00,1.04939
2012-01-09T00:00,1.04857
2012-01-10T00:00,1.05113
2012-01-11T00:00,1.04668
2012-01-12T00:00,1.04894
2012-01-13T00:00,1.05090
2012-01-15T00:00,1.05498
2012-01-16T00:00,1.05107
2012-01-17T00:00,1.05366
2012-01-18T00:00,1.05480
2012-01-19T00:00,1.05061
2012-01-20T00:00,1.05424
2012-01-22T00:00,1.06374
2012-01-23T00:00,1.06299
2012-01-24T00:00,1.05920
2012-01-25T00:00,1.06334
2012-01-26T00:00,1.06496
2012-01-27T00:00,1.06554
2012-01-29T00:00,1.06664
2012-01-30T00:00,1.06256
2012-01-31T00:00,1.06479
2012-02-01T00:00,1.06450
2012-02-02T00:00,1.06917
2012-02-03T00:00,1.06802
2012-02-05T00:00,1.07019
2012-02-06T00:00,1.06690
2012-02-07T00:00,1.07440
2012-02-08T00:00,1.07476
2012-02-09T00:00,1.07545
2012-02-10T00:00,1.06829
2012-02-12T00:00,1.07088
2012-02-13T00:00,1.07312
2012-02-14T00:00,1.06999
2012-02-15T00:00,1.06967
2012-02-16T00:00,1.07069
2012-02-17T00:00,1.07303
2012-02-19T00:00,1.07056
2012-02-20T00:00,1.06962
2012-02-21T00:00,1.06663
2012-02-22T00:00,1.06202
2012-02-23T00:00,1.06388
2012-02-24T00:00,1.07118
2012-02-26T00:00,1.06985
2012-02-27T00:00,1.06960
2012-02-28T00:00,1.07345
2012-02-29T00:00,1.07434
2012-03-01T00:00,1.06391
2012-03-02T00:00,1.06437
2012-03-04T00:00,1.06321
2012-03-05T00:00,1.06075
2012-03-06T00:00,1.05710
2012-03-07T00:00,1.05443
2012-03-08T00:00,1.05614
2012-03-09T00:00,1.05468
2012-03-11T00:00,1.04717
2012-03-12T00:00,1.04550
2012-03-13T00:00,1.04563
2012-03-14T00:00,1.04289
2012-03-15T00:00,1.03934
2012-03-16T00:00,1.04562
2012-03-18T00:00,1.05058
2012-03-19T00:00,1.05150
2012-03-20T00:00,1.04446
2012-03-21T00:00,1.03836
2012-03-22T00:00,1.03204
2012-03-23T00:00,1.03957
2012-03-25T00:00,1.04512
2012-03-26T00:00,1.04333
2012-03-27T00:00,1.04260
2012-03-28T00:00,1.03864
2012-03-29T00:00,1.03541
2012-03-30T00:00,1.03783
2012-04-01T00:00,1.04068
2012-04-02T00:00,1.03632
2012-04-03T00:00,1.02969
2012-04-04T00:00,1.01901
2012-04-05T00:00,1.02620
2012-04-06T00:00,1.02428
2012-04-08T00:00,1.02762
2012-04-09T00:00,1.02534
2012-04-10T00:00,1.02713
2012-04-11T00:00,1.03199
2012-04-12T00:00,1.03950
2012-04-13T00:00,1.03456
2012-04-15T00:00,1.03735
2012-04-16T00:00,1.03191
2012-04-17T00:00,1.03266
2012-04-18T00:00,1.02868
2012-04-19T00:00,1.02685
2012-04-20T00:00,1.02717
2012-04-22T00:00,1.02977
2012-04-23T00:00,1.02777
2012-04-24T00:00,1.01660
2012-04-25T00:00,1.01883
2012-04-26T00:00,1.01870
2012-04-27T00:00,1.02247
2012-04-29T00:00,1.02678
2012-04-30T00:00,1.02498
2012-05-01T00:00,1.02141
2012-05-02T00:00,1.01929
2012-05-03T00:00,1.01584
2012-05-04T00:00,1.01340
2012-05-06T00:00,1.01168
2012-05-07T00:00,1.01134
2012-05-08T00:00,1.01210
2012-05-09T00:00,1.00783
2012-05-10T00:00,1.01157
2012-05-11T00:00,1.01068
2012-05-13T00:00,1.00181
2012-05-14T00:00,1.00200
2012-05-15T00:00,1.00055
2012-05-16T00:00,1.00045
2012-05-17T00:00,1.00648
2012-05-18T00:00,1.00334
2012-05-20T00:00,1.00606
2012-05-21T00:00,1.00413
2012-05-22T00:00,1.00643
2012-05-23T00:00,0.99884
2012-05-24T00:00,0.99979
2012-05-25T00:00,1.00113
2012-05-27T00:00,1.00856
2012-05-28T00:00,1.00996
2012-05-29T00:00,1.00838
2012-05-30T00:00,1.00423
2012-05-31T00:00,0.99967
2012-06-01T00:00,1.00279
2012-06-03T00:00,1.00857
2012-06-04T00:00,1.00647
2012-06-05T00:00,1.01407
2012-06-06T00:00,1.01813
2012-06-07T00:00,1.02308
2012-06-08T00:00,1.01760
2012-06-10T00:00,1.02180
2012-06-11T00:00,1.01894
2012-06-12T00:00,1.02047
2012-06-13T00:00,1.02202
2012-06-14T00:00,1.02298
2012-06-15T00:00,1.02616
2012-06-17T00:00,1.03343
2012-06-18T00:00,1.03318
2012-06-19T00:00,1.03644
2012-06-20T00:00,1.03755
2012-06-21T00:00,1.03799
2012-06-22T00:00,1.03353
2012-06-24T00:00,1.03236
2012-06-25T00:00,1.02974
2012-06-26T00:00,1.03109
2012-06-27T00:00,1.03108
2012-06-28T00:00,1.03570
2012-06-29T00:00,1.04255
2012-07-01T00:00,1.04422
2012-07-02T00:00,1.04200
2012-07-03T00:00,1.04219
2012-07-04T00:00,1.04319
2012-07-05T00:00,1.03918
2012-07-06T00:00,1.04052
2012-07-08T00:00,1.04124
2012-07-09T00:00,1.03812
2012-07-10T00:00,1.03811
2012-07-11T00:00,1.04198
2012-07-12T00:00,1.03876
2012-07-13T00:00,1.03577
2012-07-15T00:00,1.03958
2012-07-16T00:00,1.03718
2012-07-17T00:00,1.04431
2012-07-18T00:00,1.04362
2012-07-19T00:00,1.04910
2012-07-20T00:00,1.04874
2012-07-22T00:00,1.05142
2012-07-23T00:00,1.04763
2012-07-24T00:00,1.04933
2012-07-25T00:00,1.04514
2012-07-26T00:00,1.04793
2012-07-27T00:00,1.05011
2012-07-29T00:00,1.05314
2012-07-30T00:00,1.05097
2012-07-31T00:00,1.05349
2012-08-01T00:00,1.05174
2012-08-02T00:00,1.05374
2012-08-03T00:00,1.05397
2012-08-05T00:00,1.05984
2012-08-06T00:00,1.05749
2012-08-07T00:00,1.05804
2012-08-08T00:00,1.05132
2012-08-09T00:00,1.05326
2012-08-10T00:00,1.04539
2012-08-12T00:00,1.04756
2012-08-13T00:00,1.04641
2012-08-14T00:00,1.04499
2012-08-15T00:00,1.03938
2012-08-16T00:00,1.03661
2012-08-17T00:00,1.03384
2012-08-19T00:00,1.03279
2012-08-20T00:00,1.03368
2012-08-21T00:00,1.03532
2012-08-22T00:00,1.03514
2012-08-23T00:00,1.04056
2012-08-24T00:00,1.03674
2012-08-26T00:00,1.03562
2012-08-27T00:00,1.03017
2012-08-28T00:00,1.02635
2012-08-29T00:00,1.02511
2012-08-30T00:00,1.02299
2012-08-31T00:00,1.02165
2012-09-02T00:00,1.01674
2012-09-03T00:00,1.01262
2012-09-04T00:00,1.01146
2012-09-05T00:00,1.00612
2012-09-06T00:00,1.01318
2012-09-07T00:00,1.01299
2012-09-09T00:00,1.01428
2012-09-10T00:00,1.01304
2012-09-11T00:00,1.00924
2012-09-12T00:00,1.01873
2012-09-13T00:00,1.02315
2012-09-14T00:00,1.02135
2012-09-16T00:00,1.02473
2012-09-17T00:00,1.02167
2012-09-18T00:00,1.01976
2012-09-19T00:00,1.01770
2012-09-20T00:00,1.01794
2012-09-21T00:00,1.02019
2012-09-23T00:00,1.02148
2012-09-24T00:00,1.01992
2012-09-25T00:00,1.02170
2012-09-26T00:00,1.01618
2012-09-27T00:00,1.02270
2012-09-28T00:00,1.02453
2012-09-30T00:00,1.02060
2012-10-01T00:00,1.01822
2012-10-02T00:00,1.01235
2012-10-03T00:00,1.00572
2012-10-04T00:00,1.00909
2012-10-05T00:00,1.00659
2012-10-07T00:00,0.99321
2012-10-08T00:00,0.99374
2012-10-09T00:00,0.99727
2012-10-10T00:00,1.00088
2012-10-11T00:00,1.00842
2012-10-12T00:00,1.00524
2012-10-14T00:00,1.00438
2012-10-15T00:00,1.00194
2012-10-16T00:00,1.00714
2012-10-17T00:00,1.01756
2012-10-18T00:00,1.01562
2012-10-19T00:00,1.02127
2012-10-21T00:00,1.02679
2012-10-22T00:00,1.02457
2012-10-23T00:00,1.02455
2012-10-24T00:00,1.02313
2012-10-25T00:00,1.02906
2012-10-26T00:00,1.02695
2012-10-28T00:00,1.03523
2012-10-29T00:00,1.03430
2012-10-30T00:00,1.03540
2012-10-31T00:00,1.03686
2012-11-01T00:00,1.03775
2012-11-02T00:00,1.03587
2012-11-04T00:00,1.02991
2012-11-05T00:00,1.03080
2012-11-06T00:00,1.03792
2012-11-07T00:00,1.03486
2012-11-08T00:00,1.03807
2012-11-09T00:00,1.04136
2012-11-11T00:00,1.04075
2012-11-12T00:00,1.04075
2012-11-13T00:00,1.04089
2012-11-14T00:00,1.04618
2012-11-15T00:00,1.03946
2012-11-16T00:00,1.03365
2012-11-18T00:00,1.03610
2012-11-19T00:00,1.03736
2012-11-20T00:00,1.03713
2012-11-21T00:00,1.03394
2012-11-22T00:00,1.03411
2012-11-23T00:00,1.03736
2012-11-25T00:00,1.03805
2012-11-26T00:00,1.03747
2012-11-27T00:00,1.04091
2012-11-28T00:00,1.03937
2012-11-29T00:00,1.03845
2012-11-30T00:00,1.03579
2012-12-02T00:00,1.03682
2012-12-03T00:00,1.03350
2012-12-04T00:00,1.03867
2012-12-05T00:00,1.03925
2012-12-06T00:00,1.03847
2012-12-07T00:00,1.03914
2012-12-09T00:00,1.03552
2012-12-10T00:00,1.03441
2012-12-11T00:00,1.03401
2012-12-12T00:00,1.03800
2012-12-13T00:00,1.03871
2012-12-14T00:00,1.03691
2012-12-16T00:00,1.04118
2012-12-17T00:00,1.03940
2012-12-18T00:00,1.03660
2012-12-19T00:00,1.03756
2012-12-20T00:00,1.03664
2012-12-21T00:00,1.03447
2012-12-23T00:00,1.03407
2012-12-24T00:00,1.03328
2012-12-27T00:00,1.02813
2012-12-28T00:00,1.03256
2012-12-30T00:00,1.03343
2012-12-31T00:00,1.03333
2013-01-03T00:00,1.03450
2013-01-04T00:00,1.03148
2013-01-06T00:00,1.03543
2013-01-07T00:00,1.03456
2013-01-08T00:00,1.03430
2013-01-09T00:00,1.03700
2013-01-10T00:00,1.04107
2013-01-11T00:00,1.04063
2013-01-13T00:00,1.03912
2013-01-14T00:00,1.03881
2013-01-15T00:00,1.03779
2013-01-16T00:00,1.04041
2013-01-17T00:00,1.03725
2013-01-18T00:00,1.03790
2013-01-20T00:00,1.04268
2013-01-21T00:00,1.04248
2013-01-22T00:00,1.04645
2013-01-23T00:00,1.04574
2013-01-24T00:00,1.05192
2013-01-25T00:00,1.04845
2013-01-27T00:00,1.04864
2013-01-28T00:00,1.05044
2013-01-29T00:00,1.05052
2013-01-30T00:00,1.04946
2013-01-31T00:00,1.04263
2013-02-01T00:00,1.03635
2013-02-03T00:00,1.04004
2013-02-04T00:00,1.04026
2013-02-05T00:00,1.03907
2013-02-06T00:00,1.03206
2013-02-07T00:00,1.02785
2013-02-08T00:00,1.02647
2013-02-10T00:00,1.03456
2013-02-11T00:00,1.03492
2013-02-12T00:00,1.03154
2013-02-13T00:00,1.03786
2013-02-14T00:00,1.03676
2013-02-15T00:00,1.03702
2013-02-17T00:00,1.03680
2013-02-18T00:00,1.03670
2013-02-19T00:00,1.04414
2013-02-20T00:00,1.04815
2013-02-21T00:00,1.04296
2013-02-22T00:00,1.04811
2013-02-24T00:00,1.05403
2013-02-25T00:00,1.05251
2013-02-26T00:00,1.05336
2013-02-27T00:00,1.04789
2013-02-28T00:00,1.05148
2013-03-01T00:00,1.05364
2013-03-03T00:00,1.04801
2013-03-04T00:00,1.04325
2013-03-05T00:00,1.05065
2013-03-06T00:00,1.05526
2013-03-07T00:00,1.05752
2013-03-08T00:00,1.05618
2013-03-10T00:00,1.05039
2013-03-11T00:00,1.05086
2013-03-12T00:00,1.05553
2013-03-13T00:00,1.05782
2013-03-14T00:00,1.06501
2013-03-15T00:00,1.06073
2013-03-17T00:00,1.05872
2013-03-18T00:00,1.06116
2013-03-19T00:00,1.06157
2013-03-20T00:00,1.06608
2013-03-21T00:00,1.06308
2013-03-22T00:00,1.06819
2013-03-24T00:00,1.06941
2013-03-25T00:00,1.06879
2013-03-26T00:00,1.06733
2013-03-27T00:00,1.06483
2013-03-28T00:00,1.05994
2013-03-29T00:00,1.05923
2013-03-31T00:00,1.06088
2013-04-01T00:00,1.05797
2013-04-02T00:00,1.06158
2013-04-03T00:00,1.06109
2013-04-04T00:00,1.06153
2013-04-05T00:00,1.05580
2013-04-07T00:00,1.05582
2013-04-08T00:00,1.05455
2013-04-09T00:00,1.06025
2013-04-10T00:00,1.06702
2013-04-11T00:00,1.06737
2013-04-12T00:00,1.06597
2013-04-14T00:00,1.06618
2013-04-15T00:00,1.06398
2013-04-16T00:00,1.05968
2013-04-17T00:00,1.05879
2013-04-18T00:00,1.05649
2013-04-19T00:00,1.05679
2013-04-21T00:00,1.05476
2013-04-22T00:00,1.05538
2013-04-23T00:00,1.05169
2013-04-24T00:00,1.05220
2013-04-25T00:00,1.05532
2013-04-26T00:00,1.05147
2013-04-28T00:00,1.04648
2013-04-29T00:00,1.04729
2013-04-30T00:00,1.04760
2013-05-01T00:00,1.04324
2013-05-02T00:00,1.03302
2013-05-03T00:00,1.03846
2013-05-05T00:00,1.03953
2013-05-06T00:00,1.03644
2013-05-07T00:00,1.02610
2013-05-08T00:00,1.02386
2013-05-09T00:00,1.02587
2013-05-10T00:00,1.01570
2013-05-12T00:00,1.01280
2013-05-13T00:00,1.01271
2013-05-14T00:00,1.00859
2013-05-15T00:00,1.00769
2013-05-16T00:00,1.00417
2013-05-17T00:00,0.99641
2013-05-19T00:00,1.00417
2013-05-20T00:00,1.00565
2013-05-21T00:00,1.00576
2013-05-22T00:00,1.00460
2013-05-23T00:00,1.00063
2013-05-24T00:00,0.99969
2013-05-26T00:00,0.99475
2013-05-27T00:00,0.99478
2013-05-28T00:00,0.99723
2013-05-29T00:00,0.99600
2013-05-30T00:00,1.00210
2013-05-31T00:00,0.99396
2013-06-02T00:00,0.99789
2013-06-03T00:00,0.99795
2013-06-04T00:00,1.00077
2013-06-05T00:00,0.99711
2013-06-06T00:00,0.97880
2013-06-07T00:00,0.97569
2013-06-09T00:00,0.96179
2013-06-10T00:00,0.96032
2013-06-11T00:00,0.95916
2013-06-12T00:00,0.96329
2013-06-13T00:00,0.96682
2013-06-14T00:00,0.97656
2013-06-16T00:00,0.97409
2013-06-17T00:00,0.97745
2013-06-18T00:00,0.96911
2013-06-19T00:00,0.96980
2013-06-20T00:00,0.95219
2013-06-21T00:00,0.95616
2013-06-23T00:00,0.96569
2013-06-24T00:00,0.96694
2013-06-25T00:00,0.96966
2013-06-26T00:00,0.97308
2013-06-27T00:00,0.97241
2013-06-28T00:00,0.96961
2013-06-30T00:00,0.96074
2013-07-01T00:00,0.96480
2013-07-02T00:00,0.96478
2013-07-03T00:00,0.96068
2013-07-04T00:00,0.95764
2013-07-05T00:00,0.96128
2013-07-07T00:00,0.95837
2013-07-08T00:00,0.95750
2013-07-09T00:00,0.96356
2013-07-10T00:00,0.96579
2013-07-11T00:00,0.96146
2013-07-12T00:00,0.95117
2013-07-14T00:00,0.94341
2013-07-15T00:00,0.94594
2013-07-16T00:00,0.95682
2013-07-17T00:00,0.95885
2013-07-18T00:00,0.95643
2013-07-19T00:00,0.95244
2013-07-21T00:00,0.95184
2013-07-22T00:00,0.95508
2013-07-23T00:00,0.95740
2013-07-24T00:00,0.95431
2013-07-25T00:00,0.94342
2013-07-26T00:00,0.95191
2013-07-28T00:00,0.95268
2013-07-29T00:00,0.95148
2013-07-30T00:00,0.93409
2013-07-31T00:00,0.93080
2013-08-01T00:00,0.92371
2013-08-02T00:00,0.92198
2013-08-04T00:00,0.92740
2013-08-05T00:00,0.92288
2013-08-06T00:00,0.92908
2013-08-07T00:00,0.93087
2013-08-08T00:00,0.94530
2013-08-09T00:00,0.94082
2013-08-11T00:00,0.94711
2013-08-12T00:00,0.94689
2013-08-13T00:00,0.94146
2013-08-14T00:00,0.94165
2013-08-15T00:00,0.94697
2013-08-16T00:00,0.94424
2013-08-18T00:00,0.95039
2013-08-19T00:00,0.95169
2013-08-20T00:00,0.94021
2013-08-21T00:00,0.94185
2013-08-22T00:00,0.94364
2013-08-23T00:00,0.95079
2013-08-25T00:00,0.95048
2013-08-26T00:00,0.94963
2013-08-27T00:00,0.94395
2013-08-28T00:00,0.93498
2013-08-29T00:00,0.94082
2013-08-30T00:00,0.94160
2013-09-01T00:00,0.94242
2013-09-02T00:00,0.94358
2013-09-03T00:00,0.95268
2013-09-04T00:00,0.95910
2013-09-05T00:00,0.96082
2013-09-06T00:00,0.95748
2013-09-08T00:00,0.95828
2013-09-09T00:00,0.95620
2013-09-10T00:00,0.96006
2013-09-11T00:00,0.96176
2013-09-12T00:00,0.95578
2013-09-13T00:00,0.95529
2013-09-15T00:00,0.96359
2013-09-16T00:00,0.96086
2013-09-17T00:00,0.96087
2013-09-18T00:00,0.96299
2013-09-19T00:00,0.96944
2013-09-20T00:00,0.97093
2013-09-22T00:00,0.96632
2013-09-23T00:00,0.97024
2013-09-24T00:00,0.96861
2013-09-25T00:00,0.96616
2013-09-26T00:00,0.96662
2013-09-27T00:00,0.96416
2013-09-29T00:00,0.96140
2013-09-30T00:00,0.95932
2013-10-01T00:00,0.96768
2013-10-02T00:00,0.96932
2013-10-03T00:00,0.96939
2013-10-04T00:00,0.97438
2013-10-06T00:00,0.97177
2013-10-07T00:00,0.97074
2013-10-08T00:00,0.97427
2013-10-09T00:00,0.97853
2013-10-10T00:00,0.97862
2013-10-11T00:00,0.98502
2013-10-13T00:00,0.97847
2013-10-14T00:00,0.98057
2013-10-15T00:00,0.98520
2013-10-16T00:00,0.98838
2013-10-17T00:00,0.98511
2013-10-18T00:00,0.99038
2013-10-20T00:00,0.99508
2013-10-21T00:00,0.99551
2013-10-22T00:00,0.99411
2013-10-23T00:00,0.99501
2013-10-24T00:00,1.00154
2013-10-25T00:00,1.00120
2013-10-27T00:00,1.00181
2013-10-28T00:00,1.00288
2013-10-29T00:00,0.99440
2013-10-30T00:00,0.99188
2013-10-31T00:00,0.99510
2013-11-01T00:00,0.98878
2013-11-03T00:00,0.98536
2013-11-04T00:00,0.98784
2013-11-05T00:00,0.98854
2013-11-06T00:00,0.99393
2013-11-07T00:00,0.98757
2013-11-08T00:00,0.98928
2013-11-10T00:00,0.98418
2013-11-11T00:00,0.98266
2013-11-12T00:00,0.97877
2013-11-13T00:00,0.97580
2013-11-14T00:00,0.97878
2013-11-15T00:00,0.97792
2013-11-17T00:00,0.97935
2013-11-18T00:00,0.98047
2013-11-19T00:00,0.97941
2013-11-20T00:00,0.98474
2013-11-21T00:00,0.97319
2013-11-22T00:00,0.96818
2013-11-24T00:00,0.96592
2013-11-25T00:00,0.96575
2013-11-26T00:00,0.96855
2013-11-27T00:00,0.96253
2013-11-28T00:00,0.96670
2013-11-29T00:00,0.96298
2013-12-01T00:00,0.97009
2013-12-02T00:00,0.97207
2013-12-03T00:00,0.96560
2013-12-04T00:00,0.96465
2013-12-05T00:00,0.96544
2013-12-06T00:00,0.96509
2013-12-08T00:00,0.97197
2013-12-09T00:00,0.96931
2013-12-10T00:00,0.96808
2013-12-11T00:00,0.96870
2013-12-12T00:00,0.95594
2013-12-13T00:00,0.95114
2013-12-15T00:00,0.95013
2013-12-16T00:00,0.94752
2013-12-17T00:00,0.94644
2013-12-18T00:00,0.94512
2013-12-19T00:00,0.94769
2013-12-20T00:00,0.94631
2013-12-22T00:00,0.94979
2013-12-23T00:00,0.95143
2013-12-24T00:00,0.94771
2013-12-27T00:00,0.94694
2013-12-29T00:00,0.94927
2013-12-30T00:00,0.94952
2013-12-31T00:00,0.95251
2014-01-03T00:00,0.95530
2014-01-05T00:00,0.95368
2014-01-06T00:00,0.95061
2014-01-07T00:00,0.95277
2014-01-08T00:00,0.96379
2014-01-09T00:00,0.96308
2014-01-10T00:00,0.96618
2014-01-12T00:00,0.98198
2014-01-13T00:00,0.98440
2014-01-14T00:00,0.98314
2014-01-15T00:00,0.97817
2014-01-16T00:00,0.96372
2014-01-17T00:00,0.96459
2014-01-19T00:00,0.96281
2014-01-20T00:00,0.96179
2014-01-21T00:00,0.96577
2014-01-22T00:00,0.97264
2014-01-23T00:00,0.98045
2014-01-24T00:00,0.96913
2014-01-26T00:00,0.96253
2014-01-27T00:00,0.96450
2014-01-28T00:00,0.97524
2014-01-29T00:00,0.98171
2014-01-30T00:00,0.97664
2014-01-31T00:00,0.97936
2014-02-02T00:00,0.97513
2014-02-03T00:00,0.97312
2014-02-04T00:00,0.98422
2014-02-05T00:00,0.98614
2014-02-06T00:00,0.99198
2014-02-07T00:00,0.98919
2014-02-09T00:00,0.98931
2014-02-10T00:00,0.98534
2014-02-11T00:00,0.99755
2014-02-12T00:00,0.99521
2014-02-13T00:00,0.98367
2014-02-14T00:00,0.98520
2014-02-16T00:00,0.99629
2014-02-17T00:00,0.99307
2014-02-18T00:00,0.99222
2014-02-19T00:00,0.98615
2014-02-20T00:00,0.99183
2014-02-21T00:00,1.00053
2014-02-23T00:00,0.99838
2014-02-24T00:00,0.99672
2014-02-25T00:00,0.99890
2014-02-26T00:00,0.99915
2014-02-27T00:00,0.99496
2014-02-28T00:00,0.99565
2014-03-02T00:00,0.98609
2014-03-03T00:00,0.98552
2014-03-04T00:00,0.99063
2014-03-05T00:00,0.99406
2014-03-06T00:00,0.99547
2014-03-07T00:00,0.99931
2014-03-09T00:00,1.00325
2014-03-10T00:00,1.00484
2014-03-11T00:00,1.00383
2014-03-12T00:00,0.99617
2014-03-13T00:00,1.00619
2014-03-14T00:00,0.99963
2014-03-16T00:00,0.99976
2014-03-17T00:00,1.00445
2014-03-18T00:00,1.00412
2014-03-19T00:00,1.01451
2014-03-20T00:00,1.01437
2014-03-21T00:00,1.01907
2014-03-23T00:00,1.02115
2014-03-24T00:00,1.02014
2014-03-25T00:00,1.02324
2014-03-26T00:00,1.02560
2014-03-27T00:00,1.02493
2014-03-28T00:00,1.02067
2014-03-30T00:00,1.02329
2014-03-31T00:00,1.02012
2014-04-01T00:00,1.02386
2014-04-02T00:00,1.01998
2014-04-03T00:00,1.01647
2014-04-04T00:00,1.01841
2014-04-06T00:00,1.02031
2014-04-07T00:00,1.01819
2014-04-08T00:00,1.01888
2014-04-09T00:00,1.02282
2014-04-10T00:00,1.02520
2014-04-11T00:00,1.02503
2014-04-13T00:00,1.03174
2014-04-14T00:00,1.03212
2014-04-15T00:00,1.03082
2014-04-16T00:00,1.02942
2014-04-17T00:00,1.03020
2014-04-18T00:00,1.02701
2014-04-20T00:00,1.02983
2014-04-21T00:00,1.02795
2014-04-22T00:00,1.03044
2014-04-23T00:00,1.02443
2014-04-24T00:00,1.02522
2014-04-25T00:00,1.02334
2014-04-27T00:00,1.02464
2014-04-28T00:00,1.02434
2014-04-29T00:00,1.01948
2014-04-30T00:00,1.01787
2014-05-01T00:00,1.01923
2014-05-02T00:00,1.01675
2014-05-04T00:00,1.02050
2014-05-05T00:00,1.01644
2014-05-06T00:00,1.01637
2014-05-07T00:00,1.01687
2014-05-08T00:00,1.02042
2014-05-09T00:00,1.01315
2014-05-11T00:00,1.02132
2014-05-12T00:00,1.01975
2014-05-13T00:00,1.01998
2014-05-14T00:00,1.02498
2014-05-15T00:00,1.01947
2014-05-16T00:00,1.01720
2014-05-18T00:00,1.01898
2014-05-19T00:00,1.01616
2014-05-20T00:00,1.01091
2014-05-21T00:00,1.00741
2014-05-22T00:00,1.01171
2014-05-23T00:00,1.00645
2014-05-25T00:00,1.00488
2014-05-26T00:00,1.00380
2014-05-27T00:00,1.00450
2014-05-28T00:00,1.00513
2014-05-29T00:00,1.00818
2014-05-30T00:00,1.01042
2014-06-01T00:00,1.01016
2014-06-02T00:00,1.00500
2014-06-03T00:00,1.00995
2014-06-04T00:00,1.01324
2014-06-05T00:00,1.01680
2014-06-06T00:00,1.01948
2014-06-08T00:00,1.02065
2014-06-09T00:00,1.02219
2014-06-10T00:00,1.01981
2014-06-11T00:00,1.02241
2014-06-12T00:00,1.01866
2014-06-13T00:00,1.02283
2014-06-15T00:00,1.02052
2014-06-16T00:00,1.02078
2014-06-17T00:00,1.01564
2014-06-18T00:00,1.01468
2014-06-19T00:00,1.01826
2014-06-20T00:00,1.01794
2014-06-22T00:00,1.00986
2014-06-23T00:00,1.01288
2014-06-24T00:00,1.01057
2014-06-25T00:00,1.00611
2014-06-26T00:00,1.00795
2014-06-27T00:00,1.00748
2014-06-29T00:00,1.00574
2014-06-30T00:00,1.00595
2014-07-01T00:00,1.00855
2014-07-02T00:00,1.00557
2014-07-03T00:00,1.00089
2014-07-04T00:00,0.99602
2014-07-06T00:00,0.99789
2014-07-07T00:00,0.99779
2014-07-08T00:00,1.00375
2014-07-09T00:00,1.00362
2014-07-10T00:00,1.00168
2014-07-11T00:00,0.99909
2014-07-13T00:00,1.00718
2014-07-14T00:00,1.00947
2014-07-15T00:00,1.00765
2014-07-16T00:00,1.00503
2014-07-17T00:00,1.00575
2014-07-18T00:00,1.00611
2014-07-20T00:00,1.00910
2014-07-21T00:00,1.00806
2014-07-22T00:00,1.00865
2014-07-23T00:00,1.01239
2014-07-24T00:00,1.01495
2014-07-25T00:00,1.01126
2014-07-27T00:00,1.01676
2014-07-28T00:00,1.01524
2014-07-29T00:00,1.01554
2014-07-30T00:00,1.01888
2014-07-31T00:00,1.01614
2014-08-01T00:00,1.01472
2014-08-03T00:00,1.01734
2014-08-04T00:00,1.01818
2014-08-05T00:00,1.01930
2014-08-06T00:00,1.01182
2014-08-07T00:00,1.01183
2014-08-08T00:00,1.01119
2014-08-10T00:00,1.01813
2014-08-11T00:00,1.01847
2014-08-12T00:00,1.01331
2014-08-13T00:00,1.01384
2014-08-14T00:00,1.01523
2014-08-15T00:00,1.01609
2014-08-17T00:00,1.01485
2014-08-18T00:00,1.01451
2014-08-19T00:00,1.01754
2014-08-20T00:00,1.01761
2014-08-21T00:00,1.01614
2014-08-22T00:00,1.01888
2014-08-24T00:00,1.02138
2014-08-25T00:00,1.02069
2014-08-26T00:00,1.01970
2014-08-27T00:00,1.01792
2014-08-28T00:00,1.01503
2014-08-29T00:00,1.01547
2014-08-31T00:00,1.01492
2014-09-01T00:00,1.01551
2014-09-02T00:00,1.01300
2014-09-03T00:00,1.01495
2014-09-04T00:00,1.01867
2014-09-05T00:00,1.01632
2014-09-07T00:00,1.01954
2014-09-08T00:00,1.02045
2014-09-09T00:00,1.01814
2014-09-10T00:00,1.00649
2014-09-11T00:00,1.00724
2014-09-12T00:00,1.00160
2014-09-14T00:00,0.99976
2014-09-15T00:00,0.99824
2014-09-16T00:00,0.99698
2014-09-17T00:00,0.99564
2014-09-18T00:00,0.98676
2014-09-19T00:00,0.98151
2014-09-21T00:00,0.98011
2014-09-22T00:00,0.97760
2014-09-23T00:00,0.98243
2014-09-24T00:00,0.98242
2014-09-25T00:00,0.97803
2014-09-26T00:00,0.97414
2014-09-28T00:00,0.97657
2014-09-29T00:00,0.97224
2014-09-30T00:00,0.97644
2014-10-01T00:00,0.97188
2014-10-02T00:00,0.97664
2014-10-03T00:00,0.98258
2014-10-05T00:00,0.97695
2014-10-06T00:00,0.97692
2014-10-07T00:00,0.97846
2014-10-08T00:00,0.98038
2014-10-09T00:00,0.98572
2014-10-10T00:00,0.98187
2014-10-12T00:00,0.97212
2014-10-13T00:00,0.97846
2014-10-14T00:00,0.98583
2014-10-15T00:00,0.98843
2014-10-16T00:00,0.99019
2014-10-17T00:00,0.98515
2014-10-19T00:00,0.98942
2014-10-20T00:00,0.98897
2014-10-21T00:00,0.99336
2014-10-22T00:00,0.98631
2014-10-23T00:00,0.98614
2014-10-24T00:00,0.98262
2014-10-26T00:00,0.98935
2014-10-27T00:00,0.98932
2014-10-28T00:00,0.99138
2014-10-29T00:00,0.98981
2014-10-30T00:00,0.98231
2014-10-31T00:00,0.98652
2014-11-02T00:00,0.98842
2014-11-03T00:00,0.98600
2014-11-04T00:00,0.98951
2014-11-05T00:00,0.99569
2014-11-06T00:00,0.98037
2014-11-07T00:00,0.97796
2014-11-09T00:00,0.98038
2014-11-10T00:00,0.98166
2014-11-11T00:00,0.98147
2014-11-12T00:00,0.98484
2014-11-13T00:00,0.98471
2014-11-14T00:00,0.98940
2014-11-16T00:00,0.99120
2014-11-17T00:00,0.99137
2014-11-18T00:00,0.98357
2014-11-19T00:00,0.98199
2014-11-20T00:00,0.97516
2014-11-21T00:00,0.97617
2014-11-23T00:00,0.97544
2014-11-24T00:00,0.97526
2014-11-25T00:00,0.97011
2014-11-26T00:00,0.96196
2014-11-27T00:00,0.96831
2014-11-28T00:00,0.96405
2014-11-30T00:00,0.96893
2014-12-01T00:00,0.96587
2014-12-02T00:00,0.96309
2014-12-03T00:00,0.95798
2014-12-04T00:00,0.95444
2014-12-05T00:00,0.95404
2014-12-07T00:00,0.95024
2014-12-08T00:00,0.94708
2014-12-09T00:00,0.94670
2014-12-10T00:00,0.95199
2014-12-11T00:00,0.95436
2014-12-12T00:00,0.95417
2014-12-14T00:00,0.95682
2014-12-15T00:00,0.95219
2014-12-16T00:00,0.95757
2014-12-17T00:00,0.94983
2014-12-18T00:00,0.94719
2014-12-19T00:00,0.94749
2014-12-21T00:00,0.94605
2014-12-22T00:00,0.94649
2014-12-23T00:00,0.94319
2014-12-24T00:00,0.94257
2014-12-28T00:00,0.94428
2014-12-29T00:00,0.94571
2014-12-30T00:00,0.94681
2014-12-31T00:00,0.95183
2015-01-04T00:00,0.95150
2015-01-05T00:00,0.95215
2015-01-06T00:00,0.95450
2015-01-07T00:00,0.95523
2015-01-08T00:00,0.95917
2015-01-09T00:00,0.96193
2015-01-11T00:00,0.97487
2015-01-12T00:00,0.97660
2015-01-13T00:00,0.97760
2015-01-14T00:00,0.97059
2015-01-15T00:00,0.98192
2015-01-16T00:00,0.98600
2015-01-18T00:00,0.98629
2015-01-19T00:00,0.98360
2015-01-20T00:00,0.97896
2015-01-21T00:00,0.99258
2015-01-22T00:00,0.99808
2015-01-23T00:00,0.99029
2015-01-25T00:00,0.98251
2015-01-26T00:00,0.98146
2015-01-27T00:00,0.99127
2015-01-28T00:00,0.99397
2015-01-29T00:00,0.98582
2015-01-30T00:00,0.98238
2015-02-01T00:00,0.98626
2015-02-02T00:00,0.98948
2015-02-03T00:00,0.96706
2015-02-04T00:00,0.97024
2015-02-05T00:00,0.97528
2015-02-06T00:00,0.97392
2015-02-08T00:00,0.97388
2015-02-09T00:00,0.97109
2015-02-10T00:00,0.97496
2015-02-11T00:00,0.97736
2015-02-12T00:00,0.96734
2015-02-13T00:00,0.97214
2015-02-15T00:00,0.96829
2015-02-16T00:00,0.96823
2015-02-17T00:00,0.97086
2015-02-18T00:00,0.97074
2015-02-19T00:00,0.97047
2015-02-20T00:00,0.97474
2015-02-22T00:00,0.98385
2015-02-23T00:00,0.98371
2015-02-24T00:00,0.97899
2015-02-25T00:00,0.98233
2015-02-26T00:00,0.97667
2015-02-27T00:00,0.97316
2015-03-01T00:00,0.97688
2015-03-02T00:00,0.97145
2015-03-03T00:00,0.97946
2015-03-04T00:00,0.97685
2015-03-05T00:00,0.97307
2015-03-06T00:00,0.97377
2015-03-08T00:00,0.97400
2015-03-09T00:00,0.97058
2015-03-10T00:00,0.96648
2015-03-11T00:00,0.96502
2015-03-12T00:00,0.96926
2015-03-13T00:00,0.97619
2015-03-15T00:00,0.97582
2015-03-16T00:00,0.97872
2015-03-17T00:00,0.97619
2015-03-18T00:00,0.97469
2015-03-19T00:00,0.97523
2015-03-20T00:00,0.97404
2015-03-22T00:00,0.97786
2015-03-23T00:00,0.98236
2015-03-24T00:00,0.98470
2015-03-25T00:00,0.98479
2015-03-26T00:00,0.97566
2015-03-27T00:00,0.97537
2015-03-29T00:00,0.97557
2015-03-30T00:00,0.97427
2015-03-31T00:00,0.96968
2015-04-01T00:00,0.96598
2015-04-02T00:00,0.95684
2015-04-03T00:00,0.95446
2015-04-05T00:00,0.95319
2015-04-06T00:00,0.95149
2015-04-07T00:00,0.95813
2015-04-08T00:00,0.95782
2015-04-09T00:00,0.96608
2015-04-10T00:00,0.96909
2015-04-12T00:00,0.96570
2015-04-13T00:00,0.95756
2015-04-14T00:00,0.95537
2015-04-15T00:00,0.94825
2015-04-16T00:00,0.95301
2015-04-17T00:00,0.94887
2015-04-19T00:00,0.95628
2015-04-20T00:00,0.95229
2015-04-21T00:00,0.94383
2015-04-22T00:00,0.95261
2015-04-23T00:00,0.94987
2015-04-24T00:00,0.94457
2015-04-26T00:00,0.95459
2015-04-27T00:00,0.95083
2015-04-28T00:00,0.95270
2015-04-29T00:00,0.96157
2015-04-30T00:00,0.96174
2015-05-01T00:00,0.95356
2015-05-03T00:00,0.95303
2015-05-04T00:00,0.95213
2015-05-05T00:00,0.95741
2015-05-06T00:00,0.95908
2015-05-07T00:00,0.96105
2015-05-08T00:00,0.95787
2015-05-10T00:00,0.95898
2015-05-11T00:00,0.95687
2015-05-12T00:00,0.95835
2015-05-13T00:00,0.95885
2015-05-14T00:00,0.96955
2015-05-15T00:00,0.96638
2015-05-17T00:00,0.96613
2015-05-18T00:00,0.96519
2015-05-19T00:00,0.96981
2015-05-20T00:00,0.96842
2015-05-21T00:00,0.96395
2015-05-22T00:00,0.96483
2015-05-24T00:00,0.96232
2015-05-25T00:00,0.96217
2015-05-26T00:00,0.96413
2015-05-27T00:00,0.96289
2015-05-28T00:00,0.95874
2015-05-29T00:00,0.95194
2015-05-31T00:00,0.95138
2015-06-01T00:00,0.95433
2015-06-02T00:00,0.96031
2015-06-03T00:00,0.96626
2015-06-04T00:00,0.96303
2015-06-05T00:00,0.96211
2015-06-07T00:00,0.94832
2015-06-08T00:00,0.94828
2015-06-09T00:00,0.95335
2015-06-10T00:00,0.94760
2015-06-11T00:00,0.95357
2015-06-12T00:00,0.95080
2015-06-14T00:00,0.95551
2015-06-15T00:00,0.95113
2015-06-16T00:00,0.95552
2015-06-17T00:00,0.94956
2015-06-18T00:00,0.94446
2015-06-19T00:00,0.95022
2015-06-21T00:00,0.95352
2015-06-22T00:00,0.95363
2015-06-23T00:00,0.95069
2015-06-24T00:00,0.95194
2015-06-25T00:00,0.95835
2015-06-26T00:00,0.95271
2015-06-28T00:00,0.94191
2015-06-29T00:00,0.94371
2015-06-30T00:00,0.95156
2015-07-01T00:00,0.96474
2015-07-02T00:00,0.96295
2015-07-03T00:00,0.95292
2015-07-05T00:00,0.94313
2015-07-06T00:00,0.94325
2015-07-07T00:00,0.94730
2015-07-08T00:00,0.94276
2015-07-09T00:00,0.94964
2015-07-10T00:00,0.94887
2015-07-12T00:00,0.94300
2015-07-13T00:00,0.94536
2015-07-14T00:00,0.94630
2015-07-15T00:00,0.95130
2015-07-16T00:00,0.95191
2015-07-17T00:00,0.96098
2015-07-19T00:00,0.95872
2015-07-20T00:00,0.95548
2015-07-21T00:00,0.96144
2015-07-22T00:00,0.96144
2015-07-23T00:00,0.96103
2015-07-24T00:00,0.95045
2015-07-26T00:00,0.94904
2015-07-27T00:00,0.94971
2015-07-28T00:00,0.95162
2015-07-29T00:00,0.94756
2015-07-30T00:00,0.94859
2015-07-31T00:00,0.94911
2015-08-02T00:00,0.95935
2015-08-03T00:00,0.95748
2015-08-04T00:00,0.96725
2015-08-05T00:00,0.97048
2015-08-06T00:00,0.96529
2015-08-07T00:00,0.96599
2015-08-09T00:00,0.97361
2015-08-10T00:00,0.97255
2015-08-11T00:00,0.95727
2015-08-12T00:00,0.95119
2015-08-13T00:00,0.95806
2015-08-14T00:00,0.96320
2015-08-16T00:00,0.96676
2015-08-17T00:00,0.96684
2015-08-18T00:00,0.96486
2015-08-19T00:00,0.95663
2015-08-20T00:00,0.96368
2015-08-21T00:00,0.95812
2015-08-23T00:00,0.96238
2015-08-24T00:00,0.95715
2015-08-25T00:00,0.95419
2015-08-26T00:00,0.94911
2015-08-27T00:00,0.94486
2015-08-28T00:00,0.94630
2015-08-30T00:00,0.94630
2015-08-31T00:00,0.94582
2015-09-01T00:00,0.93689
2015-09-02T00:00,0.92988
2015-09-03T00:00,0.93111
2015-09-04T00:00,0.92144
2015-09-06T00:00,0.91981
2015-09-07T00:00,0.91787
2015-09-08T00:00,0.92495
2015-09-09T00:00,0.93039
2015-09-10T00:00,0.92682
2015-09-11T00:00,0.93434
2015-09-13T00:00,0.93963
2015-09-14T00:00,0.93848
2015-09-15T00:00,0.94473
2015-09-16T00:00,0.94526
2015-09-17T00:00,0.94665
2015-09-18T00:00,0.94756
2015-09-20T00:00,0.95150
2015-09-21T00:00,0.94796
2015-09-22T00:00,0.94366
2015-09-23T00:00,0.93411
2015-09-24T00:00,0.93126
2015-09-25T00:00,0.93447
2015-09-27T00:00,0.93800
2015-09-28T00:00,0.93532
2015-09-29T00:00,0.93172
2015-09-30T00:00,0.94125
2015-10-01T00:00,0.93830
2015-10-02T00:00,0.93021
2015-10-04T00:00,0.92897
2015-10-05T00:00,0.92818
2015-10-06T00:00,0.93195
2015-10-07T00:00,0.93460
2015-10-08T00:00,0.93741
2015-10-09T00:00,0.94435
2015-10-11T00:00,0.94913
2015-10-12T00:00,0.94732
2015-10-13T00:00,0.95463
2015-10-14T00:00,0.94034
2015-10-15T00:00,0.94563
2015-10-16T00:00,0.93821
2015-10-18T00:00,0.93728
2015-10-19T00:00,0.94032
2015-10-20T00:00,0.94765
2015-10-21T00:00,0.94350
2015-10-22T00:00,0.94547
2015-10-23T00:00,0.94869
2015-10-25T00:00,0.95115
2015-10-26T00:00,0.95435
2015-10-27T00:00,0.95253
2015-10-28T00:00,0.94534
2015-10-29T00:00,0.93860
2015-10-30T00:00,0.93471
2015-11-01T00:00,0.93093
2015-11-02T00:00,0.93343
2015-11-03T00:00,0.94255
2015-11-04T00:00,0.94073
2015-11-05T00:00,0.94116
2015-11-06T00:00,0.94092
2015-11-08T00:00,0.93604
2015-11-09T00:00,0.93782
2015-11-10T00:00,0.93559
2015-11-11T00:00,0.93639
2015-11-12T00:00,0.94586
2015-11-13T00:00,0.94864
2015-11-15T00:00,0.94803
2015-11-16T00:00,0.94752
2015-11-17T00:00,0.94559
2015-11-18T00:00,0.94515
2015-11-19T00:00,0.95042
2015-11-20T00:00,0.95619
2015-11-22T00:00,0.96533
2015-11-23T00:00,0.96145
2015-11-24T00:00,0.96077
2015-11-25T00:00,0.96568
2015-11-26T00:00,0.96248
2015-11-27T00:00,0.96161
2015-11-29T00:00,0.96158
2015-11-30T00:00,0.96193
2015-12-01T00:00,0.96962
2015-12-02T00:00,0.97738
2015-12-03T00:00,0.97401
2015-12-04T00:00,0.97737
2015-12-06T00:00,0.98216
2015-12-07T00:00,0.98230
2015-12-08T00:00,0.97728
2015-12-09T00:00,0.97984
2015-12-10T00:00,0.98799
2015-12-11T00:00,0.98921
2015-12-13T00:00,0.98966
2015-12-14T00:00,0.98811
2015-12-15T00:00,0.99368
2015-12-16T00:00,0.98995
2015-12-17T00:00,0.99087
2015-12-18T00:00,0.99419
2015-12-20T00:00,1.00045
2015-12-21T00:00,0.99784
2015-12-22T00:00,1.00633
2015-12-23T00:00,1.00691
2015-12-24T00:00,1.00498
2015-12-27T00:00,1.00723
2015-12-28T00:00,1.00624
2015-12-29T00:00,1.00785
2015-12-30T00:00,1.00923
2015-12-31T00:00,1.01356
2016-01-03T00:00,1.00732
2016-01-04T00:00,1.00387
2016-01-05T00:00,1.00284
2016-01-06T00:00,0.99986
2016-01-07T00:00,0.99345
2016-01-08T00:00,0.99410
2016-01-10T00:00,0.98814
2016-01-11T00:00,0.98805
2016-01-12T00:00,0.99327
2016-01-13T00:00,1.00140
2016-01-14T00:00,0.99609
2016-01-15T00:00,0.99983
2016-01-17T00:00,0.99927
2016-01-18T00:00,1.00282
2016-01-19T00:00,0.99689
2016-01-20T00:00,1.00442
2016-01-21T00:00,1.00103
2016-01-22T00:00,1.00072
2016-01-24T00:00,0.99184
2016-01-25T00:00,0.99256
2016-01-26T00:00,0.99296
2016-01-27T00:00,0.99160
2016-01-28T00:00,0.99429
2016-01-29T00:00,0.99577
2016-01-31T00:00,0.99047
2016-02-01T00:00,0.99027
2016-02-02T00:00,0.99033
2016-02-03T00:00,0.98863
2016-02-04T00:00,0.98721
2016-02-05T00:00,0.98728
2016-02-07T00:00,0.98366
2016-02-08T00:00,0.98396
2016-02-09T00:00,0.98048
2016-02-10T00:00,0.98119
2016-02-11T00:00,0.98887
2016-02-12T00:00,0.98818
2016-02-14T00:00,0.98510
2016-02-15T00:00,0.98823
2016-02-16T00:00,0.98404
2016-02-17T00:00,0.98360
2016-02-18T00:00,0.97726
2016-02-19T00:00,0.97829
2016-02-21T00:00,0.98668
2016-02-22T00:00,0.98544
2016-02-23T00:00,0.99145
2016-02-24T00:00,0.99138
2016-02-25T00:00,0.98430
2016-02-26T00:00,0.97934
2016-02-28T00:00,0.96375
2016-02-29T00:00,0.96580
2016-03-01T00:00,0.96550
2016-03-02T00:00,0.97095
2016-03-03T00:00,0.98069
2016-03-04T00:00,0.98817
2016-03-06T00:00,0.98796
2016-03-07T00:00,0.98957
2016-03-08T00:00,0.99078
2016-03-09T00:00,0.99788
2016-03-10T00:00,0.99206
2016-03-11T00:00,0.99478
2016-03-13T00:00,0.99833
2016-03-14T00:00,1.00262
2016-03-15T00:00,0.99594
2016-03-16T00:00,0.99613
2016-03-17T00:00,0.99485
2016-03-18T00:00,0.99327
2016-03-20T00:00,0.98975
2016-03-21T00:00,0.99060
2016-03-22T00:00,0.99235
2016-03-23T00:00,0.99628
2016-03-24T00:00,0.99156
2016-03-25T00:00,0.99637
2016-03-27T00:00,0.99838
2016-03-28T00:00,0.99581
2016-03-29T00:00,0.99667
2016-03-30T00:00,0.99643
2016-03-31T00:00,0.99525
2016-04-01T00:00,0.99746
2016-04-03T00:00,1.00064
2016-04-04T00:00,0.99590
2016-04-05T00:00,0.99675
2016-04-06T00:00,0.99217
2016-04-07T00:00,0.99442
2016-04-08T00:00,0.98776
2016-04-10T00:00,0.98103
2016-04-11T00:00,0.98237
2016-04-12T00:00,0.98505
2016-04-13T00:00,0.98259
2016-04-14T00:00,0.98341
2016-04-15T00:00,0.98803
2016-04-17T00:00,0.99227
2016-04-18T00:00,0.99369
2016-04-19T00:00,0.99342
2016-04-20T00:00,0.98978
2016-04-21T00:00,0.98686
2016-04-22T00:00,0.98477
2016-04-24T00:00,0.97545
2016-04-25T00:00,0.97709
2016-04-26T00:00,0.97717
2016-04-27T00:00,0.96262
2016-04-28T00:00,0.95770
2016-04-29T00:00,0.95896
2016-05-01T00:00,0.95498
2016-05-02T00:00,0.95298
2016-05-03T00:00,0.94730
2016-05-04T00:00,0.95350
2016-05-05T00:00,0.96167
2016-05-06T00:00,0.95168
2016-05-08T00:00,0.95371
2016-05-09T00:00,0.95354
2016-05-10T00:00,0.95046
2016-05-11T00:00,0.95057
2016-05-12T00:00,0.94390
2016-05-13T00:00,0.93778
2016-05-15T00:00,0.93968
2016-05-16T00:00,0.94159
2016-05-17T00:00,0.94572
2016-05-18T00:00,0.94259
2016-05-19T00:00,0.94145
2016-05-20T00:00,0.94587
2016-05-22T00:00,0.94828
2016-05-23T00:00,0.95035
2016-05-24T00:00,0.94702
2016-05-25T00:00,0.94395
2016-05-26T00:00,0.93588
2016-05-27T00:00,0.93851
2016-05-29T00:00,0.93603
2016-05-30T00:00,0.93724
2016-05-31T00:00,0.94412
2016-06-01T00:00,0.95046
2016-06-02T00:00,0.94638
2016-06-03T00:00,0.94753
2016-06-05T00:00,0.95570
2016-06-06T00:00,0.95076
2016-06-07T00:00,0.95174
2016-06-08T00:00,0.94997
2016-06-09T00:00,0.94713
2016-06-10T00:00,0.94438
2016-06-12T00:00,0.94448
2016-06-13T00:00,0.94497
2016-06-14T00:00,0.94890
2016-06-15T00:00,0.94883
2016-06-16T00:00,0.95541
2016-06-17T00:00,0.95451
2016-06-19T00:00,0.95625
2016-06-20T00:00,0.95564
2016-06-21T00:00,0.95562
2016-06-22T00:00,0.95461
2016-06-23T00:00,0.96353
2016-06-24T00:00,0.95742
2016-06-26T00:00,0.96926
2016-06-27T00:00,0.96800
2016-06-28T00:00,0.96094
2016-06-29T00:00,0.96393
2016-06-30T00:00,0.96367
2016-07-01T00:00,0.96710
2016-07-03T00:00,0.96308
2016-07-04T00:00,0.96547
2016-07-05T00:00,0.96765
2016-07-06T00:00,0.96627
2016-07-07T00:00,0.97454
2016-07-08T00:00,0.97495
2016-07-10T00:00,0.98792
2016-07-11T00:00,0.98664
2016-07-12T00:00,0.99379
2016-07-13T00:00,0.99390
2016-07-14T00:00,0.98551
2016-07-15T00:00,0.98471
2016-07-17T00:00,0.98474
2016-07-18T00:00,0.98331
2016-07-19T00:00,0.97669
2016-07-20T00:00,0.97686
2016-07-21T00:00,0.97719
2016-07-22T00:00,0.98036
2016-07-24T00:00,0.98016
2016-07-25T00:00,0.98201
2016-07-26T00:00,0.99255
2016-07-27T00:00,0.98730
2016-07-28T00:00,0.98816
2016-07-29T00:00,0.99138
2016-07-31T00:00,0.99068
2016-08-01T00:00,0.99195
2016-08-02T00:00,0.98676
2016-08-03T00:00,0.99635
2016-08-04T00:00,0.99422
2016-08-05T00:00,0.99748
2016-08-07T00:00,1.00542
2016-08-08T00:00,1.00240
2016-08-09T00:00,1.00607
2016-08-10T00:00,1.00599
2016-08-11T00:00,1.00633
2016-08-12T00:00,0.99689
2016-08-14T00:00,0.99276
2016-08-15T00:00,0.99138
2016-08-16T00:00,0.99224
2016-08-17T00:00,0.98765
2016-08-18T00:00,0.98773
2016-08-19T00:00,0.97846
2016-08-21T00:00,0.98113
2016-08-22T00:00,0.98093
2016-08-23T00:00,0.98729
2016-08-24T00:00,0.98388
2016-08-25T00:00,0.98527
2016-08-26T00:00,0.98520
2016-08-28T00:00,0.98314
2016-08-29T00:00,0.98180
2016-08-30T00:00,0.98610
2016-08-31T00:00,0.98515
2016-09-01T00:00,0.98772
2016-09-02T00:00,0.98921
2016-09-04T00:00,0.98475
2016-09-05T00:00,0.98496
2016-09-06T00:00,0.98518
2016-09-07T00:00,0.98570
2016-09-08T00:00,0.98864
2016-09-09T00:00,0.98765
2016-09-11T00:00,0.98468
2016-09-12T00:00,0.98430
2016-09-13T00:00,0.98455
2016-09-14T00:00,0.98384
2016-09-15T00:00,0.98579
2016-09-16T00:00,0.98894
2016-09-18T00:00,0.99028
2016-09-19T00:00,0.99143
2016-09-20T00:00,0.99613
2016-09-21T00:00,0.99519
2016-09-22T00:00,0.99811
2016-09-23T00:00,0.99729
2016-09-25T00:00,1.00349
2016-09-26T00:00,1.00278
2016-09-27T00:00,1.01013
2016-09-28T00:00,1.01444
2016-09-29T00:00,1.00499
2016-09-30T00:00,1.00318
2016-10-02T00:00,1.00560
2016-10-03T00:00,1.00336
2016-10-04T00:00,1.00772
2016-10-05T00:00,1.00641
2016-10-06T00:00,1.00212
2016-10-07T00:00,1.00291
2016-10-09T00:00,1.00880
2016-10-10T00:00,1.00631
2016-10-11T00:00,0.99595
2016-10-12T00:00,1.00144
2016-10-13T00:00,1.00148
2016-10-14T00:00,1.00128
2016-10-16T00:00,1.00255
2016-10-17T00:00,1.00006
2016-10-18T00:00,1.00460
2016-10-19T00:00,1.00520
2016-10-20T00:00,1.00869
2016-10-21T00:00,1.01082
2016-10-23T00:00,1.01490
2016-10-24T00:00,1.01679
2016-10-25T00:00,1.01720
2016-10-26T00:00,1.02610
2016-10-27T00:00,1.02175
2016-10-28T00:00,1.01650
2016-10-30T00:00,1.01915
2016-10-31T00:00,1.02040
2016-11-01T00:00,1.02686
2016-11-02T00:00,1.02131
2016-11-03T00:00,1.02565
2016-11-04T00:00,1.02908
2016-11-06T00:00,1.02652
2016-11-07T00:00,1.02726
2016-11-08T00:00,1.03062
2016-11-09T00:00,1.02691
2016-11-10T00:00,1.02845
2016-11-11T00:00,1.02561
2016-11-13T00:00,1.01946
2016-11-14T00:00,1.02322
2016-11-15T00:00,1.02355
2016-11-16T00:00,1.01445
2016-11-17T00:00,1.00462
2016-11-18T00:00,1.00163
2016-11-20T00:00,0.99022
2016-11-21T00:00,0.98722
2016-11-22T00:00,0.99191
2016-11-23T00:00,0.99826
2016-11-24T00:00,0.99667
2016-11-25T00:00,1.00277
2016-11-27T00:00,1.00557
2016-11-28T00:00,1.00726
2016-11-29T00:00,1.00429
2016-11-30T00:00,1.00492
2016-12-01T00:00,0.99256
2016-12-02T00:00,0.98691
2016-12-04T00:00,0.99164
2016-12-05T00:00,0.99322
2016-12-06T00:00,0.99069
2016-12-07T00:00,0.98728
2016-12-08T00:00,0.99115
2016-12-09T00:00,0.98472
2016-12-11T00:00,0.97942
2016-12-12T00:00,0.97827
2016-12-13T00:00,0.98407
2016-12-14T00:00,0.98405
2016-12-15T00:00,0.98281
2016-12-16T00:00,0.98121
2016-12-18T00:00,0.97267
2016-12-19T00:00,0.97290
2016-12-20T00:00,0.97302
2016-12-21T00:00,0.97019
2016-12-22T00:00,0.97177
2016-12-23T00:00,0.97144
2016-12-27T00:00,0.97194
2016-12-28T00:00,0.97760
2016-12-29T00:00,0.97452
2016-12-30T00:00,0.97551
2017-01-03T00:00,0.96986
2017-01-04T00:00,0.97386
2017-01-05T00:00,0.96963
2017-01-06T00:00,0.97068
2017-01-08T00:00,0.96761
2017-01-09T00:00,0.96886
2017-01-10T00:00,0.97461
2017-01-11T00:00,0.97774
2017-01-12T00:00,0.98059
2017-01-13T00:00,0.98497
2017-01-15T00:00,0.98327
2017-01-16T00:00,0.98268
2017-01-17T00:00,0.98552
2017-01-18T00:00,0.98675
2017-01-19T00:00,0.99775
2017-01-20T00:00,1.00785
2017-01-22T00:00,1.00807
2017-01-23T00:00,1.00575
2017-01-24T00:00,1.00254
2017-01-25T00:00,0.99064
2017-01-26T00:00,0.98908
2017-01-27T00:00,0.98776
2017-01-29T00:00,0.99432
2017-01-30T00:00,0.99177
2017-01-31T00:00,0.99090
2017-02-01T00:00,0.99017
2017-02-02T00:00,0.99408
2017-02-03T00:00,0.99715
2017-02-05T00:00,1.00087
2017-02-06T00:00,0.99806
2017-02-07T00:00,1.00548
2017-02-08T00:00,1.00564
2017-02-09T00:00,1.00314
2017-02-10T00:00,1.00393
2017-02-12T00:00,1.00658
2017-02-13T00:00,1.00376
2017-02-14T00:00,1.00247
2017-02-15T00:00,1.00324
2017-02-16T00:00,1.00753
2017-02-17T00:00,1.00710
2017-02-19T00:00,1.00636
2017-02-20T00:00,1.00467
2017-02-21T00:00,1.00776
2017-02-22T00:00,1.00909
2017-02-23T00:00,1.01050
2017-02-24T00:00,1.01093
2017-02-26T00:00,1.00729
2017-02-27T00:00,1.00801
2017-02-28T00:00,1.01305
2017-03-01T00:00,1.01983
2017-03-02T00:00,1.02217
2017-03-03T00:00,1.01249
2017-03-05T00:00,1.01599
2017-03-06T00:00,1.01455
2017-03-07T00:00,1.02043
2017-03-08T00:00,1.01818
2017-03-09T00:00,1.01425
2017-03-10T00:00,1.01571
2017-03-12T00:00,1.01713
2017-03-13T00:00,1.01936
2017-03-14T00:00,1.01687
2017-03-15T00:00,1.02013
2017-03-16T00:00,1.02208
2017-03-17T00:00,1.02423
2017-03-19T00:00,1.02743
2017-03-20T00:00,1.02872
2017-03-21T00:00,1.02960
2017-03-22T00:00,1.02583
2017-03-23T00:00,1.02079
2017-03-24T00:00,1.01845
2017-03-26T00:00,1.02149
2017-03-27T00:00,1.01719
2017-03-28T00:00,1.01904
2017-03-29T00:00,1.02382
2017-03-30T00:00,1.02211
2017-03-31T00:00,1.01988
2017-04-02T00:00,1.01685
2017-04-03T00:00,1.01314
2017-04-04T00:00,1.01501
2017-04-05T00:00,1.01451
2017-04-06T00:00,1.01377
2017-04-07T00:00,1.00973
2017-04-09T00:00,1.00547
2017-04-10T00:00,1.00451
2017-04-11T00:00,0.99954
2017-04-12T00:00,0.99933
2017-04-13T00:00,1.00359
2017-04-14T00:00,1.00860
2017-04-16T00:00,1.00972
2017-04-17T00:00,1.00927
2017-04-18T00:00,1.00700
2017-04-19T00:00,1.00817
2017-04-20T00:00,1.01202
2017-04-21T00:00,1.01461
2017-04-23T00:00,1.02157
2017-04-24T00:00,1.01857
2017-04-25T00:00,1.02409
2017-04-26T00:00,1.02005
2017-04-27T00:00,1.01382
2017-04-28T00:00,1.01963
2017-04-30T00:00,1.02188
2017-05-01T00:00,1.02312
2017-05-02T00:00,1.03102
2017-05-03T00:00,1.03119
2017-05-04T00:00,1.01716
2017-05-05T00:00,1.01765
2017-05-07T00:00,1.01386
2017-05-08T00:00,1.01095
2017-05-09T00:00,1.00750
2017-05-10T00:00,1.00945
2017-05-11T00:00,1.00948
2017-05-12T00:00,1.01138
2017-05-14T00:00,1.01342
2017-05-15T00:00,1.01222
2017-05-16T00:00,1.00969
2017-05-17T00:00,1.00993
2017-05-18T00:00,1.01641
2017-05-19T00:00,1.00979
2017-05-21T00:00,1.00865
2017-05-22T00:00,1.00707
2017-05-23T00:00,1.01076
2017-05-24T00:00,1.00796
2017-05-25T00:00,1.00531
2017-05-26T00:00,1.00250
2017-05-28T00:00,1.00207
2017-05-29T00:00,1.00149
2017-05-30T00:00,1.00057
2017-05-31T00:00,1.00308
2017-06-01T00:00,0.99910
2017-06-02T00:00,0.99859
2017-06-04T00:00,1.00307
2017-06-05T00:00,1.00508
2017-06-06T00:00,1.00857
2017-06-07T00:00,1.01512
2017-06-08T00:00,1.02009
2017-06-09T00:00,1.01768
2017-06-11T00:00,1.01486
2017-06-12T00:00,1.01171
2017-06-13T00:00,1.00419
2017-06-14T00:00,0.99727
2017-06-15T00:00,1.00755
2017-06-16T00:00,1.00656
2017-06-18T00:00,1.00823
2017-06-19T00:00,1.00717
2017-06-20T00:00,1.00431
2017-06-21T00:00,1.00355
2017-06-22T00:00,1.00655
2017-06-23T00:00,0.99852
2017-06-25T00:00,1.00391
2017-06-26T00:00,1.00495
2017-06-27T00:00,1.00663
2017-06-28T00:00,0.99989
2017-06-29T00:00,0.99838
2017-06-30T00:00,0.99969
2017-07-02T00:00,0.99779
2017-07-03T00:00,0.99704
2017-07-04T00:00,0.99069
2017-07-05T00:00,0.98538
2017-07-06T00:00,0.98626
2017-07-07T00:00,0.98586
2017-07-09T00:00,0.97973
2017-07-10T00:00,0.98068
2017-07-11T00:00,0.98208
2017-07-12T00:00,0.98735
2017-07-13T00:00,0.98079
2017-07-14T00:00,0.98598
2017-07-16T00:00,0.99073
2017-07-17T00:00,0.98892
2017-07-18T00:00,0.99992
2017-07-19T00:00,1.00147
2017-07-20T00:00,1.00198
2017-07-21T00:00,0.99454
2017-07-23T00:00,0.99192
2017-07-24T00:00,0.99365
2017-07-25T00:00,0.99238
2017-07-26T00:00,0.98813
2017-07-27T00:00,1.00057
2017-07-28T00:00,1.00088
2017-07-30T00:00,0.99390
2017-07-31T00:00,0.99496
2017-08-01T00:00,1.00326
2017-08-02T00:00,1.00058
2017-08-03T00:00,0.99913
2017-08-04T00:00,1.00097
2017-08-06T00:00,1.00299
2017-08-07T00:00,1.00363
2017-08-08T00:00,1.00294
2017-08-09T00:00,0.99888
2017-08-10T00:00,1.00181
2017-08-11T00:00,1.00046
2017-08-13T00:00,1.00060
2017-08-14T00:00,1.00086
2017-08-15T00:00,1.00092
2017-08-16T00:00,0.99986
2017-08-17T00:00,1.00099
2017-08-18T00:00,0.99989
2017-08-20T00:00,0.99757
2017-08-21T00:00,0.99781
2017-08-22T00:00,0.99682
2017-08-23T00:00,0.99360
2017-08-24T00:00,0.99109
2017-08-25T00:00,0.98845
2017-08-27T00:00,0.98932
2017-08-28T00:00,0.99045
2017-08-29T00:00,0.99144
2017-08-30T00:00,0.99906
2017-08-31T00:00,0.99937
2017-09-01T00:00,0.98968
2017-09-03T00:00,0.98812
2017-09-04T00:00,0.98669
2017-09-05T00:00,0.98742
2017-09-06T00:00,0.98956
2017-09-07T00:00,0.97725
2017-09-08T00:00,0.97885
2017-09-10T00:00,0.98012
2017-09-11T00:00,0.97759
2017-09-12T00:00,0.97087
2017-09-13T00:00,0.97652
2017-09-14T00:00,0.97470
2017-09-15T00:00,0.97315
2017-09-17T00:00,0.97602
2017-09-18T00:00,0.97787
2017-09-19T00:00,0.98122
2017-09-20T00:00,0.98516
2017-09-21T00:00,0.98672
2017-09-22T00:00,0.97593
2017-09-24T00:00,0.98202
2017-09-25T00:00,0.98237
2017-09-26T00:00,0.98290
2017-09-27T00:00,0.97258
2017-09-28T00:00,0.97793
2017-09-29T00:00,0.97529
2017-10-01T00:00,0.97887
2017-10-02T00:00,0.97787
2017-10-03T00:00,0.97787
2017-10-04T00:00,0.98006
2017-10-05T00:00,0.97745
2017-10-06T00:00,0.97601
2017-10-08T00:00,0.97427
2017-10-09T00:00,0.97352
2017-10-10T00:00,0.97490
2017-10-11T00:00,0.97364
2017-10-12T00:00,0.97276
2017-10-13T00:00,0.97661
2017-10-15T00:00,0.98459
2017-10-16T00:00,0.98282
2017-10-17T00:00,0.98339
2017-10-18T00:00,0.98147
2017-10-19T00:00,0.97917
2017-10-20T00:00,0.98177
2017-10-22T00:00,0.98777
2017-10-23T00:00,0.98761
2017-10-24T00:00,0.98744
2017-10-25T00:00,0.97942
2017-10-26T00:00,0.98576
2017-10-27T00:00,0.98342
2017-10-29T00:00,0.98463
2017-10-30T00:00,0.98476
2017-10-31T00:00,0.98558
2017-11-01T00:00,0.98822
2017-11-02T00:00,0.99038
2017-11-03T00:00,0.98512
2017-11-05T00:00,0.97698
2017-11-06T00:00,0.97767
2017-11-07T00:00,0.97683
2017-11-08T00:00,0.97698
2017-11-09T00:00,0.97822
2017-11-10T00:00,0.97387
2017-11-12T00:00,0.97124
2017-11-13T00:00,0.97179
2017-11-14T00:00,0.97270
2017-11-15T00:00,0.96618
2017-11-16T00:00,0.96979
2017-11-17T00:00,0.96422
2017-11-19T00:00,0.96694
2017-11-20T00:00,0.96653
2017-11-21T00:00,0.96552
2017-11-22T00:00,0.96639
2017-11-23T00:00,0.96802
2017-11-24T00:00,0.97017
2017-11-26T00:00,0.96847
2017-11-27T00:00,0.96680
2017-11-28T00:00,0.97111
2017-11-29T00:00,0.97260
2017-11-30T00:00,0.97587
2017-12-01T00:00,0.97426
2017-12-03T00:00,0.96570
2017-12-04T00:00,0.96618
2017-12-05T00:00,0.96912
2017-12-06T00:00,0.96215
2017-12-07T00:00,0.96619
2017-12-08T00:00,0.96589
2017-12-10T00:00,0.96557
2017-12-11T00:00,0.96687
2017-12-12T00:00,0.96812
2017-12-13T00:00,0.97331
2017-12-14T00:00,0.98242
2017-12-15T00:00,0.98131
2017-12-17T00:00,0.98468
2017-12-18T00:00,0.98446
2017-12-19T00:00,0.98657
2017-12-20T00:00,0.98604
2017-12-21T00:00,0.98331
2017-12-22T00:00,0.98303
2017-12-27T00:00,0.98214
2017-12-28T00:00,0.98342
2017-12-29T00:00,0.97991
2018-01-02T00:00,0.98232
2018-01-03T00:00,0.97835
2018-01-04T00:00,0.98207
2018-01-05T00:00,0.98124
2018-01-07T00:00,0.97657
2018-01-08T00:00,0.97257
2018-01-09T00:00,0.97498
2018-01-10T00:00,0.97563
2018-01-11T00:00,0.98815
2018-01-12T00:00,0.98801
2018-01-14T00:00,0.98610
2018-01-15T00:00,0.98931
2018-01-16T00:00,0.99010
2018-01-17T00:00,0.99055
2018-01-18T00:00,0.99158
2018-01-19T00:00,0.99587
2018-01-21T00:00,0.99844
2018-01-22T00:00,0.99763
2018-01-23T00:00,0.99517
2018-01-24T00:00,0.99479
2018-01-25T00:00,0.99645
2018-01-26T00:00,0.99502
2018-01-28T00:00,0.99877
2018-01-29T00:00,0.99860
2018-01-30T00:00,0.99722
2018-01-31T00:00,0.99471
2018-02-01T00:00,0.98990
2018-02-02T00:00,0.98223
2018-02-04T00:00,0.98472
2018-02-05T00:00,0.98443
2018-02-06T00:00,0.98533
2018-02-07T00:00,0.98628
2018-02-08T00:00,0.98152
2018-02-09T00:00,0.97993
2018-02-11T00:00,0.98485
2018-02-12T00:00,0.98421
2018-02-13T00:00,0.99001
2018-02-14T00:00,0.99035
2018-02-15T00:00,0.99079
2018-02-16T00:00,0.99289
2018-02-18T00:00,0.99379
2018-02-19T00:00,0.99338
2018-02-20T00:00,0.99682
2018-02-21T00:00,0.99449
2018-02-22T00:00,0.99087
2018-02-23T00:00,0.99517
2018-02-25T00:00,0.99193
2018-02-26T00:00,0.99334
2018-02-27T00:00,0.99561
2018-02-28T00:00,0.99525
2018-03-01T00:00,0.99295
2018-03-02T00:00,0.99533
2018-03-04T00:00,1.00027
2018-03-05T00:00,0.99966
2018-03-06T00:00,1.00895
2018-03-07T00:00,1.00893
2018-03-08T00:00,1.00902
2018-03-09T00:00,1.00510
2018-03-11T00:00,1.00607
2018-03-12T00:00,1.00774
2018-03-13T00:00,1.01139
2018-03-14T00:00,1.01911
2018-03-15T00:00,1.02011
2018-03-16T00:00,1.01760
2018-03-18T00:00,1.01087
2018-03-19T00:00,1.00899
2018-03-20T00:00,1.00793
2018-03-21T00:00,1.00201
2018-03-22T00:00,0.99863
2018-03-23T00:00,0.99591
2018-03-25T00:00,0.99361
2018-03-26T00:00,0.99382
2018-03-27T00:00,0.99305
2018-03-28T00:00,0.99097
2018-03-29T00:00,0.99007
2018-03-30T00:00,0.98988
2018-04-01T00:00,0.99306
2018-04-02T00:00,0.98980
2018-04-03T00:00,0.99097
2018-04-04T00:00,0.98513
2018-04-05T00:00,0.98243
2018-04-06T00:00,0.98011
2018-04-08T00:00,0.98098
2018-04-09T00:00,0.98260
2018-04-10T00:00,0.98125
2018-04-11T00:00,0.97690
2018-04-12T00:00,0.97565
2018-04-13T00:00,0.97834
2018-04-15T00:00,0.97925
2018-04-16T00:00,0.98051
2018-04-17T00:00,0.97673
2018-04-18T00:00,0.97622
2018-04-19T00:00,0.98536
2018-04-20T00:00,0.97768
2018-04-22T00:00,0.97923
2018-04-23T00:00,0.97965
2018-04-24T00:00,0.97649
2018-04-25T00:00,0.97314
2018-04-26T00:00,0.97207
2018-04-27T00:00,0.97201
2018-04-29T00:00,0.97347
2018-04-30T00:00,0.97206
2018-05-01T00:00,0.96701
2018-05-02T00:00,0.96307
2018-05-03T00:00,0.96669
2018-05-04T00:00,0.96978
2018-05-06T00:00,0.96949
2018-05-07T00:00,0.96721
2018-05-08T00:00,0.96802
2018-05-09T00:00,0.96337
2018-05-10T00:00,0.95885
2018-05-11T00:00,0.96183
2018-05-13T00:00,0.96501
2018-05-14T00:00,0.96577
2018-05-15T00:00,0.96272
2018-05-16T00:00,0.96132
2018-05-17T00:00,0.96217
2018-05-18T00:00,0.96373
2018-05-20T00:00,0.96890
2018-05-21T00:00,0.96800
2018-05-22T00:00,0.96852
2018-05-23T00:00,0.97033
2018-05-24T00:00,0.97202
2018-05-25T00:00,0.97603
2018-05-27T00:00,0.98077
2018-05-28T00:00,0.98385
2018-05-29T00:00,0.97835
2018-05-30T00:00,0.97687
2018-05-31T00:00,0.97309
2018-06-01T00:00,0.97829
2018-06-03T00:00,0.98077
2018-06-04T00:00,0.98501
2018-06-05T00:00,0.98789
2018-06-06T00:00,0.99068
2018-06-07T00:00,0.99092
2018-06-08T00:00,0.98814
2018-06-10T00:00,0.98740
2018-06-11T00:00,0.98648
2018-06-12T00:00,0.98986
2018-06-13T00:00,0.98588
2018-06-14T00:00,0.98164
2018-06-15T00:00,0.98015
2018-06-17T00:00,0.98206
2018-06-18T00:00,0.98115
2018-06-19T00:00,0.97832
2018-06-20T00:00,0.98225
2018-06-21T00:00,0.98065
2018-06-22T00:00,0.98337
2018-06-24T00:00,0.98810
2018-06-25T00:00,0.98692
2018-06-26T00:00,0.98563
2018-06-27T00:00,0.98290
2018-06-28T00:00,0.98087
2018-06-29T00:00,0.97719
2018-07-01T00:00,0.97478
2018-07-02T00:00,0.97204
2018-07-03T00:00,0.96873
2018-07-04T00:00,0.97241
2018-07-05T00:00,0.96982
2018-07-06T00:00,0.97147
2018-07-08T00:00,0.97384
2018-07-09T00:00,0.97591
2018-07-10T00:00,0.97961
2018-07-11T00:00,0.97391
2018-07-12T00:00,0.97460
2018-07-13T00:00,0.97642
2018-07-15T00:00,0.97715
2018-07-16T00:00,0.97630
2018-07-17T00:00,0.97544
2018-07-18T00:00,0.97473
2018-07-19T00:00,0.97716
2018-07-20T00:00,0.97647
2018-07-22T00:00,0.97484
2018-07-23T00:00,0.97495
2018-07-24T00:00,0.97180
2018-07-25T00:00,0.97374
2018-07-26T00:00,0.97035
2018-07-27T00:00,0.96503
2018-07-29T00:00,0.96661
2018-07-30T00:00,0.96668
2018-07-31T00:00,0.97007
2018-08-01T00:00,0.96516
2018-08-02T00:00,0.96076
2018-08-03T00:00,0.95942
2018-08-05T00:00,0.96184
2018-08-06T00:00,0.96121
2018-08-07T00:00,0.96070
2018-08-08T00:00,0.96993
2018-08-09T00:00,0.96799
2018-08-10T00:00,0.96019
2018-08-12T00:00,0.95859
2018-08-13T00:00,0.95664
2018-08-14T00:00,0.95410
2018-08-15T00:00,0.94336
2018-08-16T00:00,0.95415
2018-08-17T00:00,0.95532
2018-08-19T00:00,0.95594
2018-08-20T00:00,0.95478
2018-08-21T00:00,0.95877
2018-08-22T00:00,0.95916
2018-08-23T00:00,0.95116
2018-08-24T00:00,0.95297
2018-08-26T00:00,0.95473
2018-08-27T00:00,0.95370
2018-08-28T00:00,0.95127
2018-08-29T00:00,0.94801
2018-08-30T00:00,0.94115
2018-08-31T00:00,0.94427
2018-09-02T00:00,0.94119
2018-09-03T00:00,0.93905
2018-09-04T00:00,0.94664
2018-09-05T00:00,0.94765
2018-09-06T00:00,0.94623
2018-09-07T00:00,0.94086
2018-09-09T00:00,0.93556
2018-09-10T00:00,0.93747
2018-09-11T00:00,0.93641
2018-09-12T00:00,0.92777
2018-09-13T00:00,0.93486
2018-09-14T00:00,0.93521
2018-09-16T00:00,0.93336
2018-09-17T00:00,0.93291
2018-09-18T00:00,0.93832
2018-09-19T00:00,0.93898
2018-09-20T00:00,0.93832
2018-09-21T00:00,0.94115
2018-09-23T00:00,0.93948
2018-09-24T00:00,0.93999
2018-09-25T00:00,0.93857
2018-09-26T00:00,0.94163
2018-09-27T00:00,0.94657
2018-09-28T00:00,0.93949
2018-09-30T00:00,0.92948
2018-10-01T00:00,0.92651
2018-10-02T00:00,0.92576
2018-10-03T00:00,0.92028
2018-10-04T00:00,0.91245
2018-10-05T00:00,0.91399
2018-10-07T00:00,0.91426
2018-10-08T00:00,0.91576
2018-10-09T00:00,0.91838
2018-10-10T00:00,0.92120
2018-10-11T00:00,0.92263
2018-10-12T00:00,0.92788
2018-10-14T00:00,0.92624
2018-10-15T00:00,0.92585
2018-10-16T00:00,0.92600
2018-10-17T00:00,0.92466
2018-10-18T00:00,0.92992
2018-10-19T00:00,0.92886
2018-10-21T00:00,0.93241
2018-10-22T00:00,0.93069
2018-10-23T00:00,0.92503
2018-10-24T00:00,0.92894
2018-10-25T00:00,0.92156
2018-10-26T00:00,0.92185
2018-10-28T00:00,0.92976
2018-10-29T00:00,0.93014
2018-10-30T00:00,0.93012
2018-10-31T00:00,0.93028
2018-11-01T00:00,0.93708
2018-11-02T00:00,0.94702
2018-11-04T00:00,0.94206
2018-11-05T00:00,0.94255
2018-11-06T00:00,0.94601
2018-11-07T00:00,0.95236
2018-11-08T00:00,0.95450
2018-11-09T00:00,0.95459
2018-11-11T00:00,0.95391
2018-11-12T00:00,0.95308
2018-11-13T00:00,0.95361
2018-11-14T00:00,0.95582
2018-11-15T00:00,0.96275
2018-11-16T00:00,0.95685
2018-11-18T00:00,0.96221
2018-11-19T00:00,0.96221
2018-11-20T00:00,0.95827
2018-11-21T00:00,0.96281
2018-11-22T00:00,0.95921
2018-11-23T00:00,0.95674
2018-11-25T00:00,0.95661
2018-11-26T00:00,0.95787
2018-11-27T00:00,0.95815
2018-11-28T00:00,0.96241
2018-11-29T00:00,0.97047
2018-11-30T00:00,0.97232
2018-12-02T00:00,0.97726
2018-12-03T00:00,0.97348
2018-12-04T00:00,0.97212
2018-12-05T00:00,0.96864
2018-12-06T00:00,0.96772
2018-12-07T00:00,0.96863
2018-12-09T00:00,0.95901
2018-12-10T00:00,0.96041
2018-12-11T00:00,0.96556
2018-12-12T00:00,0.96543
2018-12-13T00:00,0.96520
2018-12-14T00:00,0.96128
2018-12-16T00:00,0.96100
2018-12-17T00:00,0.95995
2018-12-18T00:00,0.96356
2018-12-19T00:00,0.96788
2018-12-20T00:00,0.95808
2018-12-21T00:00,0.96060
2018-12-23T00:00,0.95781
2018-12-24T00:00,0.95877
2018-12-27T00:00,0.95958
2018-12-28T00:00,0.95993
2018-12-30T00:00,0.96101
2018-12-31T00:00,0.96226
2019-01-02T00:00,0.95756
2019-01-03T00:00,0.94679
2019-01-04T00:00,0.94721
2019-01-06T00:00,0.95280
2019-01-07T00:00,0.95280
2019-01-08T00:00,0.94662
2019-01-09T00:00,0.94648
2019-01-10T00:00,0.95055
2019-01-11T00:00,0.95321
2019-01-13T00:00,0.95701
2019-01-14T00:00,0.95406
2019-01-15T00:00,0.95708
2019-01-16T00:00,0.95488
2019-01-17T00:00,0.95011
2019-01-18T00:00,0.95509
2019-01-20T00:00,0.95123
2019-01-21T00:00,0.95092
2019-01-22T00:00,0.95038
2019-01-23T00:00,0.95128
2019-01-24T00:00,0.94929
2019-01-25T00:00,0.94522
2019-01-27T00:00,0.94926
2019-01-28T00:00,0.95131
2019-01-29T00:00,0.95012
2019-01-30T00:00,0.95376
2019-01-31T00:00,0.95440
2019-02-01T00:00,0.95202
2019-02-03T00:00,0.94968
2019-02-04T00:00,0.94706
2019-02-05T00:00,0.95141
2019-02-06T00:00,0.94053
2019-02-07T00:00,0.94011
2019-02-08T00:00,0.94275
2019-02-10T00:00,0.94075
2019-02-11T00:00,0.94318
2019-02-12T00:00,0.93981
2019-02-13T00:00,0.94223
2019-02-14T00:00,0.94260
2019-02-15T00:00,0.94374
2019-02-17T00:00,0.94612
2019-02-18T00:00,0.94630
2019-02-19T00:00,0.94313
2019-02-20T00:00,0.94573
2019-02-21T00:00,0.94311
2019-02-22T00:00,0.93892
2019-02-24T00:00,0.93816
2019-02-25T00:00,0.93900
2019-02-26T00:00,0.94490
2019-02-27T00:00,0.94620
2019-02-28T00:00,0.94001
2019-03-01T00:00,0.93364
2019-03-03T00:00,0.94456
2019-03-04T00:00,0.94215
2019-03-05T00:00,0.94296
2019-03-06T00:00,0.94058
2019-03-07T00:00,0.94751
2019-03-08T00:00,0.94340
2019-03-10T00:00,0.94396
2019-03-11T00:00,0.94591
2019-03-12T00:00,0.94740
2019-03-13T00:00,0.94298
2019-03-14T00:00,0.93985
2019-03-15T00:00,0.94280
2019-03-17T00:00,0.94533
2019-03-18T00:00,0.94766
2019-03-19T00:00,0.94728
2019-03-20T00:00,0.94330
2019-03-21T00:00,0.95014
2019-03-22T00:00,0.94976
2019-03-24T00:00,0.95111
2019-03-25T00:00,0.95070
2019-03-26T00:00,0.95376
2019-03-27T00:00,0.95131
2019-03-28T00:00,0.95126
2019-03-29T00:00,0.95269
2019-03-31T00:00,0.95073
2019-04-01T00:00,0.95068
2019-04-02T00:00,0.94339
2019-04-03T00:00,0.94625
2019-04-04T00:00,0.94956
2019-04-05T00:00,0.95188
2019-04-07T00:00,0.95146
2019-04-08T00:00,0.94885
2019-04-09T00:00,0.95009
2019-04-10T00:00,0.95183
2019-04-11T00:00,0.95566
2019-04-12T00:00,0.95341
2019-04-14T00:00,0.95779
2019-04-15T00:00,0.95562
2019-04-16T00:00,0.95647
2019-04-17T00:00,0.95938
2019-04-18T00:00,0.95877
2019-04-19T00:00,0.95597
2019-04-21T00:00,0.95802
2019-04-22T00:00,0.95377
2019-04-23T00:00,0.95200
2019-04-24T00:00,0.94616
2019-04-25T00:00,0.94694
2019-04-26T00:00,0.94681
2019-04-28T00:00,0.94802
2019-04-29T00:00,0.94942
2019-04-30T00:00,0.94856
2019-05-01T00:00,0.94354
2019-05-02T00:00,0.94401
2019-05-03T00:00,0.94247
2019-05-05T00:00,0.93866
2019-05-06T00:00,0.94171
2019-05-07T00:00,0.94456
2019-05-08T00:00,0.94543
2019-05-10T00:00,0.94182
2019-05-12T00:00,0.93958
2019-05-13T00:00,0.93787
2019-05-14T00:00,0.93645
2019-05-15T00:00,0.93300
2019-05-16T00:00,0.92935
2019-05-17T00:00,0.92763
2019-05-19T00:00,0.93001
2019-05-20T00:00,0.92961
2019-05-21T00:00,0.92413
2019-05-23T00:00,0.92466
2019-05-24T00:00,0.92812
2019-05-26T00:00,0.93217
2019-05-27T00:00,0.93189
2019-05-28T00:00,0.93091
2019-05-29T00:00,0.93460
2019-05-30T00:00,0.93659
2019-06-02T00:00,0.93714
2019-06-03T00:00,0.93873
2019-06-04T00:00,0.93670
2019-06-05T00:00,0.93626
2019-06-07T00:00,0.93096
2019-06-09T00:00,0.92861
2019-06-10T00:00,0.92543
2019-06-12T00:00,0.92356
2019-06-14T00:00,0.92071
2019-06-16T00:00,0.92236
2019-06-17T00:00,0.92249
2019-06-18T00:00,0.91671
2019-06-19T00:00,0.91964
2019-06-20T00:00,0.91241
2019-06-21T00:00,0.91338
2019-06-23T00:00,0.91632
2019-06-24T00:00,0.91776
2019-06-25T00:00,0.91795
2019-06-26T00:00,0.91831
2019-06-27T00:00,0.91851
2019-06-28T00:00,0.91821
2019-06-30T00:00,0.91984
2019-07-01T00:00,0.91729
2019-07-02T00:00,0.91664
2019-07-03T00:00,0.91723
2019-07-04T00:00,0.91959
2019-07-05T00:00,0.91743
2019-07-07T00:00,0.91266
2019-07-08T00:00,0.91326
2019-07-09T00:00,0.91206
2019-07-10T00:00,0.90881
2019-07-11T00:00,0.91091
2019-07-12T00:00,0.91211
2019-07-14T00:00,0.91468
2019-07-15T00:00,0.91627
2019-07-16T00:00,0.91871
2019-07-17T00:00,0.91656
2019-07-18T00:00,0.91749
2019-07-19T00:00,0.92101
2019-07-21T00:00,0.92044
2019-07-22T00:00,0.91977
2019-07-23T00:00,0.92261
2019-07-24T00:00,0.91706
2019-07-25T00:00,0.91566
2019-07-26T00:00,0.91418
2019-07-28T00:00,0.91019
2019-07-29T00:00,0.90975
2019-07-30T00:00,0.90930
2019-07-31T00:00,0.90646
2019-08-01T00:00,0.90488
2019-08-02T00:00,0.89987